,Date,company,current_price,momentum,moving_average,moving_volatility,trading_range,target_return,exp_market_change,rates,Revenue,Cost_of_Sales,Gross_profit,Operating_profit,Net_Profit,Issue_of_shares,Share_repurchase,Non_current_assets,Current_assets,Non_current_liabilities,Current_liabilities,net_cash_op_act
87,2010/02/17, Anglogold Ashanti Ltd,29500.0,-0.1033434650455927,30598.216666666667,1854.5300020574166,850.55,0.09013559322033893,-0.016851903863900813,7.08,951.4,621.9,329.5,431.7,317.9,3.9,3.9,732.8,237.2,220.7,454.3,959.6
139,2010/05/06, Anglogold Ashanti Ltd,31150.0,0.13998170173833485,28743.15,1079.9336738108075,697.0666666666667,-0.053611556982343544,0.04432109308283518,6.58,845.3,606.0,239.3,141.3,115.0,0.3,0.0,741.4,188.0,221.0,396.3,816.6
206,2010/08/11, Anglogold Ashanti Ltd,31420.0,-0.026943326107153918,31682.016666666666,1388.4646012304531,864.9833333333333,0.050286441756842715,0.008203853325046613,6.42,991.8,609.9,381.9,-8.9,-136.0,2.6,0.0,719.6,203.3,306.8,328.0,1003.0
270,2010/11/10, Anglogold Ashanti Ltd,34987.0,0.09677115987460815,32142.716666666667,784.923381593207,705.0333333333333,-0.06036527853202622,0.13602403768068866,5.65,1066.8,665.9,400.9,138.2,44.3,559.6,0.0,753.0,248.5,412.7,197.5,1056.6
338,2011/02/16, Anglogold Ashanti Ltd,33230.0,-0.007585712579142277,32411.016666666666,1134.3662232855079,629.0166666666667,-0.061600962985254304,0.07657101343988376,5.53,1109.5,701.6,407.9,197.8,40.4,3.1,3.1,779.3,172.3,444.2,97.4,1095.5
392,2011/05/10, Anglogold Ashanti Ltd,31100.0,-0.050381679389312976,32827.566666666666,1043.2115401557182,782.2833333333333,-0.042315112540192934,-0.018848132106118028,5.45,1040.2,646.9,393.3,253.7,165.8,0.5,0.0,778.4,182.0,442.1,90.2,1012.3
451,2011/08/03, Anglogold Ashanti Ltd,30071.0,-0.02366883116883117,29729.583333333332,1207.5792466772657,654.2666666666667,0.1665391905822886,-0.06377303588748788,5.49,1154.7,641.2,513.5,352.0,319.5,0.2,0.2,799.1,209.3,443.5,86.6,1112.7
519,2011/11/08, Anglogold Ashanti Ltd,38025.0,0.16213325183374083,33865.88333333333,1804.0172787671486,1010.15,-0.07681788297172909,0.09852825525221885,5.49,1342.8,698.0,644.8,465.5,330.4,0.2,0.0,774.1,235.2,434.5,97.1,1333.6
586,2012/02/15, Anglogold Ashanti Ltd,33990.0,-0.10434782608695652,35793.566666666666,1173.794475219838,776.35,-0.22624301265077962,0.0973365093113902,5.5,1503.4,888.3,615.1,543.4,312.4,0.6,0.0,822.0,256.1,469.8,93.8,1478.9
641,2012/05/09, Anglogold Ashanti Ltd,26245.0,-0.2436599423631124,29320.433333333334,2931.435382583026,620.7833333333333,0.0667555724899982,-0.032459466527196654,5.56,1794.0,989.0,805.0,584.0,563.0,0.0,0.0,8542.0,2762.0,4580.0,980.0,1758.0
769,2012/11/07, Anglogold Ashanti Ltd,30000.0,0.06810980168761349,28634.783333333333,1100.0371194301038,803.55,-0.14633333333333332,0.070336,4.93,1664.0,1056.0,608.0,305.0,168.0,0.0,0.0,9887.0,2961.0,5411.0,1696.0,1603.0
954,2013/08/06, Anglogold Ashanti Ltd,12198.0,-0.27882227740333454,14735.7,1796.196407855235,567.3833333333333,0.251844564682735,0.018872609883287806,5.09,1301.0,1012.0,289.0,-3019.0,-2165.0,0.0,0.0,7403.0,1967.0,4004.0,2254.0,1343.0
1017,2013/11/05, Anglogold Ashanti Ltd,14901.0,0.1289491628153648,13977.983333333334,1006.1021023704596,527.1166666666667,0.10932152204550039,0.08312694314169784,5.07,1415.0,1064.0,351.0,80.0,1.0,0.0,0.0,7664.0,2311.0,5414.0,1240.0,1396.0
1088,2014/02/18, Anglogold Ashanti Ltd,19001.0,0.30420756400576565,14247.716666666667,2116.9396450379168,530.5333333333333,-0.07125940739961056,0.06724337373635769,5.56,1474.0,1042.0,432.0,235.0,-305.0,0.0,0.0,7404.0,2117.0,5331.0,1179.0,1479.0
1142,2014/05/13, Anglogold Ashanti Ltd,17739.0,0.009388869921474906,19060.866666666665,721.547852851034,589.4833333333333,0.06511077287333,0.05921587377480277,5.74,1359.0,1012.0,347.0,229.0,39.0,0.0,0.0,7584.0,1936.0,5327.0,1117.0,1288.0
1204,2014/08/08, Anglogold Ashanti Ltd,18933.0,0.07671747042766151,18008.816666666666,898.8473502428658,495.35,-0.44874029472349863,0.021225093574198176,6.01,1358.0,1064.0,294.0,175.0,-80.0,0.0,0.0,7621.0,1980.0,5450.0,1050.0,1386.0
1263,2014/10/31, Anglogold Ashanti Ltd,9350.0,-0.49731182795698925,14681.533333333333,2994.7414221113645,476.71666666666664,0.3968983957219252,-0.017804545654372006,5.9,1337.0,1052.0,285.0,149.0,41.0,0.0,0.0,7467.0,1843.0,5295.0,1005.0,1358.0
1339,2015/02/20, Anglogold Ashanti Ltd,13671.0,0.28971698113207545,11811.35,1825.1049268648862,479.85,-0.11016019310950187,0.03266935786292546,5.88,1324.0,1061.0,263.0,-35.0,-58.0,0.0,0.0,7485.0,1649.0,5279.0,984.0,1318.0
1390,2015/05/08, Anglogold Ashanti Ltd,13332.0,-0.06046511627906977,12685.533333333333,1095.5364674036007,495.28333333333336,-0.4344434443444345,0.04661192306854566,5.73,1122.0,870.0,252.0,142.0,-1.0,0.0,0.0,6933.0,1441.0,5176.0,787.0,1091.0
1458,2015/08/14, Anglogold Ashanti Ltd,8059.0,-0.3408849268013413,10046.7,1543.9303279700457,423.55,0.22633081027422763,-0.06037649695938233,6.16,1059.0,830.0,229.0,110.0,-17.0,0.0,0.0,6417.0,1411.0,5284.0,673.0,1078.0
1517,2015/11/06, Anglogold Ashanti Ltd,9785.0,0.179057717797325,11105.833333333334,1120.7968739994817,664.5166666666667,0.49361267245784357,0.041369534401919095,6.33,987.0,830.0,157.0,-95.0,-76.0,0.0,0.0,5709.0,1717.0,4033.0,715.0,986.0
1589,2016/02/19, Anglogold Ashanti Ltd,17005.0,0.79,12655.7,2669.1091594544278,778.5666666666667,0.31714201705380773,-0.07318321392016376,6.93,1061.0,812.0,249.0,120.0,65.0,0.0,0.0,5934.0,1350.0,4110.0,707.0,1060.0
1947,2010/03/04, Aspen Pharmacare Holdings Ltd,7684.0,0.1136231884057971,7038.716666666666,329.6539064270265,195.33333333333334,0.020171785528370734,0.01688801442859485,6.95,4576.0,2441.1,2134.9,1314.2,840.8,4587.6,0.0,11563.7,6552.8,3820.7,4583.2,1482.0
2081,2010/09/16, Aspen Pharmacare Holdings Ltd,9103.0,0.15961783439490446,8115.333333333333,431.6604388443317,205.23333333333332,0.027133911897176732,0.03814846312720204,6.08,10146.6,5542.3,4604.3,2614.9,1969.3,4592.8,13.6,12178.3,7622.6,3084.8,5829.9,3269.5
2199,2011/03/04, Aspen Pharmacare Holdings Ltd,7930.0,-0.16526315789473683,8741.616666666667,480.04142094117117,192.4,0.08133669609079441,0.03208480062604489,5.5,5989.8,3380.9,2608.9,1613.9,672.5,7.4,20.1,11316.6,9326.4,3261.1,6119.7,1808.4
2329,2011/09/14, Aspen Pharmacare Holdings Ltd,8775.0,0.032474408753971055,8335.366666666667,238.54374339757064,240.63333333333333,0.06552706552706544,-0.009011282125220777,5.49,12383.2,6769.7,5613.5,3149.0,2655.3,10.0,26.2,17423.1,8959.8,5302.2,8207.8,3845.0
2451,2012/03/08, Aspen Pharmacare Holdings Ltd,10900.0,0.12371134020618557,10111.883333333333,383.56680595797354,207.83333333333334,0.1096330275229358,0.03825779870512066,5.54,7504.9,3929.1,3575.8,2000.5,2909.5,200.0,18.6,19644.1,10100.7,7513.8,6460.0,2308.2
2580,2012/09/13, Aspen Pharmacare Holdings Ltd,14120.0,0.1275253533498363,13592.933333333332,776.9716061969356,296.75,0.09872521246458921,0.030342450160980843,4.94,15255.8,7979.5,7276.3,3940.6,4295.4,401.9,19.3,21286.6,10431.9,7000.1,7320.3,4746.0
2701,2013/03/08, Aspen Pharmacare Holdings Ltd,19350.0,0.2357110926623667,16684.083333333332,675.0568913041888,427.1,-0.019431524547803614,0.04867565055762082,5.05,8997.1,4630.0,4367.1,2485.3,2300.4,16.3,21.1,25442.2,11720.0,6980.3,11205.9,2855.9
2829,2013/09/12, Aspen Pharmacare Holdings Ltd,26400.0,0.31343283582089554,22634.766666666666,1420.823518265638,710.1833333333333,-0.008030303030303054,0.09516890664729385,5.06,19308.0,10077.3,9230.7,5043.3,6078.2,936.0,21.1,29644.7,15777.0,9757.5,12865.3,5960.1
2950,2014/03/07, Aspen Pharmacare Holdings Ltd,28599.0,0.08165658093797278,26172.616666666665,1005.5085582603809,601.9333333333333,-0.009790552117206919,0.0853959150820002,5.73,11976.3,6398.7,5577.6,2880.1,3101.4,1.6,22.3,49741.1,30813.2,38349.2,17037.1,3278.3
3077,2014/09/11, Aspen Pharmacare Holdings Ltd,34360.0,0.13489232395296605,30102.85,1290.3835433636325,667.4666666666667,0.15826542491268913,-0.010371744005520097,6.0,29515.1,15793.2,13721.9,7424.8,6915.4,2.7,22.3,51334.6,31212.8,37629.3,16042.0,7911.2
3198,2015/03/06, Aspen Pharmacare Holdings Ltd,43300.0,0.10281944833558312,41836.683333333334,1589.6987614832024,894.4833333333333,-0.19127020785219395,0.06802041973908111,5.8,18033.3,9562.3,8471.0,4318.4,2751.6,0.2,21.7,54433.5,31473.3,37789.5,17374.5,4916.9
3326,2015/09/10, Aspen Pharmacare Holdings Ltd,32250.0,-0.10416666666666667,35546.75,1699.2728417410838,900.85,-0.04189147286821704,-0.04099003004048936,6.24,36126.6,18872.4,17254.2,8449.9,5201.4,4.9,22.7,55680.2,29847.3,32477.3,21778.5,9506.8
3448,2016/03/04, Aspen Pharmacare Holdings Ltd,30700.0,-0.001138766878151944,27633.816666666666,1928.8235941488156,1007.3333333333334,0.04234527687296419,0.03619209824529951,7.04,17512.3,8682.4,8829.9,6088.4,10044.2,0.0,35.6,69497.7,35819.4,21937.2,40181.1,4997.2
3579,2016/09/15, Aspen Pharmacare Holdings Ltd,33826.0,-0.07071428571428572,36645.46666666667,1435.404478124498,881.6666666666666,-0.20179743392656535,-0.03778111570075521,7.29,35600.0,17700.0,17900.0,9000.0,9400.0,0.0,100.0,67100.0,37100.0,40700.0,21100.0,9800.0
3789,2010/02/23, African Rainbow Minerals Ltd,17868.0,0.10637770897832817,16982.3,831.091630510795,603.0,-0.038168793373628884,-0.022060311677798018,7.08,4386.0,3088.0,1298.0,744.0,452.0,90.0,25.0,19001.0,6265.0,5676.0,2845.0,895.0
3918,2010/08/31, African Rainbow Minerals Ltd,15428.0,-0.1019790454016298,16526.2,753.6183181767434,563.3833333333333,0.24449053668654397,0.02219104706032394,6.42,11423.0,7480.0,3943.0,2920.0,1812.0,91.0,0.0,12347.0,7943.0,6043.0,3661.0,3430.0
4045,2011/03/01, African Rainbow Minerals Ltd,20900.0,-0.009478672985781991,21587.35,716.1557406844637,535.4666666666667,-0.022727272727272707,0.015271493212669683,5.5,6924.0,3940.0,2984.0,2534.0,1558.0,91.0,0.0,21649.0,7864.0,6507.0,3168.0,2049.0
4169,2011/09/01, African Rainbow Minerals Ltd,18489.0,-0.05184615384615385,18419.566666666666,866.9481122758112,625.85,-0.08253556168532639,-0.017502130076682762,5.49,15357.0,8952.0,6405.0,5322.0,3311.0,74.0,0.0,23291.0,9018.0,6457.0,3737.0,5898.0
4293,2012/02/28, African Rainbow Minerals Ltd,18900.0,0.050058336574254125,18062.516666666666,913.5662007251624,461.03333333333336,-0.08730158730158732,0.04202369166695115,5.5,9093.0,5439.0,3654.0,3084.0,1983.0,74.0,0.0,25024.0,9266.0,6329.0,4173.0,2561.0
4422,2012/09/04, African Rainbow Minerals Ltd,14700.0,-0.14534883720930233,16192.45,861.1063719996422,477.3,0.20408163265306123,0.0393313336254255,4.94,18142.0,11463.0,6679.0,5216.0,3438.0,296.0,0.0,25662.0,9654.0,6885.0,4026.0,5969.0
4543,2013/02/27, African Rainbow Minerals Ltd,18805.0,0.056460674157303374,19409.733333333334,866.4985621408055,516.1666666666666,-0.07216165913320927,0.02649534780682322,5.04,9145.0,6317.0,2828.0,2061.0,1406.0,296.0,0.0,26946.0,10163.0,8327.0,3881.0,1665.0
4671,2013/09/03, African Rainbow Minerals Ltd,19553.0,0.15316112290634584,16547.75,1562.5902943402123,623.55,-0.06275251879506982,0.091628381827463,5.06,20519.0,13115.0,7404.0,5537.0,1634.0,200.0,0.0,25387.0,12543.0,8235.0,4423.0,6312.0
4922,2014/09/05, African Rainbow Minerals Ltd,16863.0,-0.10749444268021593,18893.3,584.3452456397665,492.0,-0.2496590167823044,0.015836162523272367,6.0,10863.0,7531.0,3332.0,1671.0,3289.0,229.0,75.0,30077.0,6381.0,4889.0,3370.0,2073.0
5054,2015/03/17, African Rainbow Minerals Ltd,9200.0,-0.2038767739702319,12042.05,985.4458067979986,586.0,0.006521739130434856,0.06491385457640375,5.8,5210.0,4011.0,1199.0,609.0,801.0,229.0,75.0,30522.0,5913.0,4936.0,3885.0,1485.0
5424,2016/09/09, African Rainbow Minerals Ltd,9183.0,0.12730174318684018,9436.7,599.8273847746801,456.5833333333333,0.1300228683436786,0.0027479015049054335,7.29,9600.0,8147.0,1453.0,219.0,-565.0,191.0,0.0,30591.0,4533.0,6850.0,3696.0,1225.0
5656,2010/03/19, Barclays Africa Group Ltd,13504.0,0.10003258390355164,12673.116666666667,353.06743446095436,260.15,-0.11922393364928907,0.01812807881773399,6.95,65247.0,43393.0,21854.0,12887.0,6840.0,2625.0,1172.0,663200.0,54540.0,567347.0,93903.0,5011.0
5901,2011/03/10, Barclays Africa Group Ltd,12062.0,-0.04663294340815681,12792.25,452.724281902048,233.86666666666667,0.06110097827889249,-0.027085742317530397,5.5,54241.0,30901.0,23340.0,17335.0,8118.0,31.0,283.0,656256.0,54540.0,572955.0,81351.0,2202.0
6162,2012/03/28, Barclays Africa Group Ltd,14940.0,0.044755244755244755,15052.4,387.6838743625084,288.1,-0.08594377510040163,0.014606703494086149,5.54,51221.0,26792.0,24429.0,19348.0,9791.0,166.0,281.0,643894.0,72576.0,589580.0,64741.0,8305.0
6381,2013/02/12, Barclays Africa Group Ltd,15711.0,0.18573584905660379,15111.183333333332,1083.8987927559933,339.43333333333334,-0.0845904143593661,0.1076655158718035,5.04,50766.0,26655.0,24111.0,15821.0,9812.0,0.0,211.0,718698.0,89241.0,643571.0,91574.0,5577.0
6723,2014/07/01, Barclays Africa Group Ltd,16300.0,0.09395973154362416,15587.916666666666,375.18132527643763,400.55,-0.030858895705521472,0.060985873842724234,6.03,38850.0,14653.0,24197.0,9259.0,6166.0,0.0,76.0,869625.0,108178.0,778086.0,113435.0,6753.0
6894,2015/03/04, Barclays Africa Group Ltd,18700.0,0.05346177680130697,18472.266666666666,695.1638720759087,529.2833333333333,-0.04438502673796796,0.0633263426643567,5.8,65646.0,30045.0,35601.0,27524.0,13216.0,0.0,46.0,855175.0,136239.0,795143.0,105326.0,18233.0
7143,2016/03/01, Barclays Africa Group Ltd,13889.0,-0.09352564939302963,14037.416666666666,891.9293939462566,781.4166666666666,0.05083159334725318,0.007212080234392608,7.04,73603.0,35196.0,38407.0,20155.0,14331.0,0.0,9.0,997735.0,146869.0,888039.0,157918.0,16357.0
7584,2010/08/26, BHP Billiton PLC,20569.5,-0.024008920310312924,21447.391666666666,971.9960813361309,324.34166666666664,0.252485476068937,-0.027535341118623234,6.42,52798.0,33295.0,19503.0,20031.0,12722.0,12.0,0.0,63718.0,25134.0,26481.0,13042.0,17920.0
7705,2011/02/16, BHP Billiton PLC,28685.0,0.10774280749179378,27178.716666666667,1126.294687657872,451.2,-0.06813665678926273,0.07657101343988376,5.53,34166.0,19930.0,14236.0,14515.0,10524.0,18.0,582.0,67694.0,30578.0,27402.0,13877.0,12193.0
7834,2011/08/25, BHP Billiton PLC,22822.0,-0.15767328559828744,25020.341666666667,1493.9057995954697,593.0416666666666,0.07965997721496798,-0.10564781773263794,5.49,71739.0,40454.0,31285.0,31816.0,23648.0,32.0,10329.0,77611.0,25280.0,25403.0,19733.0,30080.0
7950,2012/02/09, BHP Billiton PLC,25572.0,0.026246087165904167,25032.191666666666,1127.463164461505,536.3333333333334,0.10945565462224316,0.03979168084961536,5.5,37480.0,22150.0,15330.0,15689.0,9941.0,18.0,83.0,104613.0,19354.0,36609.0,19354.0,12280.0
8006,2013/08/21, BHP Billiton PLC,28117.0,0.06322556248818302,24895.191666666666,1635.3445992829716,438.4916666666667,0.04445709001671583,0.03771230126431168,5.09,65968.0,50873.0,15095.0,19225.0,11039.0,21.0,445.0,118323.0,19786.0,45702.0,20372.0,18252.0
8131,2014/02/19, BHP Billiton PLC,33058.0,0.13632613776983363,29856.4,1266.4684275442469,612.2833333333333,-0.048430032064855744,0.0727104115494511,5.56,33948.0,22674.0,11274.0,12933.0,8107.0,9.0,290.0,126419.0,24598.0,48643.0,20093.0,11859.0
8254,2014/08/20, BHP Billiton PLC,32879.0,0.03409341091366567,33063.316666666666,1221.5036370438222,539.9166666666666,-0.16974360534079502,0.0282,6.01,67206.0,46513.0,20693.0,23412.0,13877.0,14.0,0.0,129117.0,22296.0,47967.0,18064.0,25364.0
8384,2015/02/25, BHP Billiton PLC,27140.0,0.04856469497353475,23749.333333333332,1497.6671765620233,720.0333333333333,-0.06057479734708915,0.04178680743468039,5.88,29900.0,21862.0,8038.0,8817.0,4265.0,3.0,338.0,127180.0,18901.0,46481.0,13350.0,10423.0
8508,2015/08/26, BHP Billiton PLC,20648.0,-0.19008394131952616,23815.8,1476.0358591941388,700.0166666666667,-0.07041844246416118,-0.07518049370974017,6.16,44636.0,37010.0,7626.0,8670.0,1910.0,9.0,355.0,108211.0,16369.0,41182.0,12853.0,19296.0
8634,2016/02/24, BHP Billiton PLC,14933.0,-0.14173228346456693,15999.916666666666,966.2521917293548,770.6666666666666,0.2964575102122815,-0.08501667204474561,6.93,15712.0,21998.0,-6286.0,-7030.0,-5669.0,0.0,69.0,100286.0,18383.0,45601.0,11638.0,5260.0
8751,2016/08/17, BHP Billiton PLC,18250.0,-0.020344623973374845,18241.15,618.43566523389,592.7,0.22021917808219182,-0.03933712401445814,7.3,30912.0,35487.0,-4575.0,-6207.0,-6385.0,0.0,106.0,101239.0,17714.0,46542.0,12340.0,10625.0
9236,2011/02/25, British American Tobacco PLC,27575.0,0.06467181467181467,26613.216666666667,1008.0599607479796,443.43333333333334,0.1211242067089755,0.03814458958580733,5.53,14883.0,3695.0,11188.0,4318.0,2879.0,3.0,66.0,12458.0,3608.0,8916.0,1334.0,4490.0
9337,2011/07/27, British American Tobacco PLC,31379.0,0.09144347826086957,30187.316666666666,686.1018230420425,396.81666666666666,0.13515408394148953,-0.020130955697966007,5.49,7438.0,1716.0,5722.0,2691.0,1870.0,34.0,439.0,19476.0,8333.0,10498.0,8269.0,1514.0
9484,2012/02/24, British American Tobacco PLC,37701.0,0.026436155731010075,37601.88333333333,879.4581361702096,688.2666666666667,0.05832736532187477,0.03759782238856754,5.5,15399.0,3507.0,11892.0,4721.0,3095.0,28.0,878.0,18624.0,8495.0,10798.0,7847.0,4566.0
9566,2012/06/26, British American Tobacco PLC,42179.0,0.08708762886597939,40227.433333333334,787.8536250232002,623.9,0.03089215012209867,-0.005210768922439709,5.58,7452.0,1770.0,5682.0,2470.0,1929.0,24.0,797.0,18125.0,8809.0,11771.0,7636.0,1182.0
9738,2013/03/01, British American Tobacco PLC,47610.0,0.02046940306505198,45320.86666666667,1238.3102958060933,691.5833333333334,0.16920814954841412,0.046012179694625045,5.05,15190.0,3445.0,11745.0,5412.0,3841.0,20.0,1379.0,18141.0,9186.0,11406.0,8142.0,4427.0
9819,2013/07/01, British American Tobacco PLC,51840.0,0.04682861816199188,52203.6,2202.641989882152,982.6166666666667,0.020061728395061706,0.0343868890839918,5.12,7572.0,1678.0,5894.0,2807.0,2040.0,27.0,920.0,18568.0,9299.0,12257.0,8344.0,1319.0
9986,2014/02/27, British American Tobacco PLC,57350.0,0.057669254744296704,55016.61666666667,1394.5609611245652,1031.3833333333334,0.12008718395815166,0.0800896107532904,5.56,15260.0,3348.0,11912.0,5526.0,3904.0,22.0,1583.0,17363.0,9518.0,11510.0,8436.0,4436.0
10066,2014/06/30, British American Tobacco PLC,63425.0,0.07880323853585522,61677.2,1991.6658626571436,923.7666666666667,0.03605833661805291,0.055005954016671244,5.79,6798.0,1498.0,5300.0,2458.0,1747.0,16.0,849.0,17049.0,8629.0,10748.0,9179.0,1170.0
10235,2015/02/27, British American Tobacco PLC,67641.0,0.051681514996035266,64168.45,1765.8591458213057,1276.7166666666667,0.011708874794873037,0.08576894707726351,5.88,13971.0,3088.0,10883.0,4546.0,3115.0,14.0,852.0,17035.0,9132.0,11584.0,8769.0,3716.0
10317,2015/06/30, British American Tobacco PLC,65622.0,0.043275039745627984,66619.38333333333,1488.7764296038872,1188.0833333333333,0.1295602084666727,-0.003254941691276325,5.76,6398.0,1489.0,4909.0,2347.0,2645.0,25.0,59.0,20504.0,8171.0,20504.0,8171.0,1355.0
10485,2016/02/26, British American Tobacco PLC,86781.0,0.0346467958271237,85334.4,1842.3965987590643,1931.25,0.10687823371475313,-0.049372820035096084,6.93,13104.0,3217.0,9887.0,4557.0,4290.0,22.0,46.0,21701.0,9814.0,21701.0,9794.0,4720.0
10567,2016/06/29, British American Tobacco PLC,93303.0,0.09007745960534155,90862.68333333333,3183.906003699812,1771.8166666666666,-0.0627203841248406,-0.004724103714569222,7.2,6669.0,1630.0,5039.0,2213.0,2671.0,13.0,65.0,25550.0,10689.0,18200.0,11787.0,1054.0
10888,2012/08/01, Capital & Counties Properties PLC,2737.0,0.09523809523809523,2634.8333333333335,101.86617453367455,33.166666666666664,0.14797223237120938,0.03733234230886179,5.05,56.5,16.1,40.4,113.3,95.2,0.0,0.0,1652.2,94.7,370.6,189.8,6.1
11034,2013/03/01, Capital & Counties Properties PLC,3585.0,0.04427614331488494,3437.5666666666666,48.17284088440368,77.93333333333334,0.3924686192468618,0.046012179694625045,5.05,115.3,32.2,83.1,269.6,240.0,145.0,1.0,1630.7,294.8,299.3,148.4,4.8
11138,2013/08/01, Capital & Counties Properties PLC,5467.0,0.2121951219512195,5045.35,229.13084301409648,100.1,0.02890067678800068,0.0397489539748954,5.09,54.5,14.3,40.2,212.6,212.3,0.0,0.0,1934.9,307.0,293.4,217.7,5.2
11281,2014/02/26, Capital & Counties Properties PLC,6780.0,0.2273714699493121,6193.011166666666,547.566746050193,196.53333333333333,-0.12743362831858407,0.06083735829224956,5.56,118.8,29.1,89.7,351.9,338.4,0.0,0.0,2102.0,180.5,385.2,85.2,8.5
11531,2015/02/27, Capital & Counties Properties PLC,7300.0,0.12307692307692308,6679.7,203.6981232700928,142.96666666666667,0.0652054794520549,0.08576894707726351,5.88,110.6,30.3,80.3,474.2,448.6,252.1,0.0,2917.5,159.7,449.4,121.5,15.0
11635,2015/07/30, Capital & Counties Properties PLC,9037.0,0.25339805825242717,8155.283333333334,417.33099052161856,137.76666666666668,0.01958614584486007,-0.03686348016244923,6.03,52.0,11.8,40.2,280.6,263.9,0.1,0.0,3720.6,109.2,483.9,141.0,-1.8
11780,2016/02/25, Capital & Counties Properties PLC,6950.0,-0.2702645947081058,9011.4,902.4086450782155,262.6,0.14446043165467626,-0.07813609276509692,6.93,114.9,24.4,90.5,472.0,431.1,0.1,0.0,4037.6,114.7,630.3,119.2,-2.3
11883,2016/07/27, Capital & Counties Properties PLC,5408.0,-0.26271301976823447,6748.45,1024.4355771325686,223.48333333333332,-0.08912721893491127,0.024675494381043644,7.35,58.4,11.7,46.7,-162.6,-109.0,0.0,0.0,3940.5,86.4,702.5,93.4,-6.0
12191,2010/05/28, Compagnie Financiere Richemont SA DRC,2504.0,-0.04790874524714829,2755.65,109.76289160222605,67.8,0.1437699680511182,-0.02245243469848436,6.58,5176.0,1985.0,3191.0,830.0,599.0,66.0,119.0,2149.0,5580.0,464.0,1605.0,1378.0
12435,2011/05/20, Compagnie Financiere Richemont SA DRC,4388.0,0.05227817745803357,4034.5833333333335,185.46417184876404,91.15,-0.103236098450319,-0.027009624508607836,5.45,6892.0,2498.0,4394.0,1355.0,1090.0,26.0,103.0,2659.0,7034.0,488.0,2213.0,1493.0
12683,2012/05/17, Compagnie Financiere Richemont SA DRC,5039.0,0.10820321090829119,4759.05,123.98816578300841,97.18333333333334,0.0037705894026591746,-0.015910898965791568,5.56,8867.0,3216.0,5651.0,2040.0,1544.0,78.0,268.0,3158.0,8595.0,413.0,2722.0,1482.0
12934,2013/05/17, Compagnie Financiere Richemont SA DRC,8638.0,0.19722799722799722,7324.816666666667,371.12163895947623,183.73333333333332,0.17156749247511005,0.01866659313995809,5.03,10150.0,3631.0,6519.0,2426.0,2013.0,155.0,206.0,3944.0,10553.0,826.0,3456.0,1568.0
13181,2014/05/16, Compagnie Financiere Richemont SA DRC,10503.0,-0.03968181402578404,10412.2,251.63255427890277,178.66666666666666,-0.03180043797010379,0.04462895692786715,5.74,10649.0,3898.0,6751.0,2419.0,2072.0,172.0,81.0,4092.0,11826.0,847.0,3113.0,2494.0
13685,2016/05/20, Compagnie Financiere Richemont SA DRC,9288.0,-0.07351620947630923,9808.066666666668,342.69558892218953,246.83333333333334,-0.11143410852713176,0.07587888827535431,7.16,11076.0,3958.0,7118.0,2061.0,2227.0,50.0,144.0,5767.0,14358.0,882.0,4196.0,1964.0
14268,2011/04/21, Discovery Holdings Ltd,3661.0,-0.06463975472662238,3729.7,74.43579875026848,80.1,0.0636438131658017,0.033195597069342685,5.46,22122.0,17950.0,4172.0,-25.0,594.0,0.0,0.0,2408.0,12200.0,6847.0,2945.0,13.0
14518,2012/04/25, Discovery Holdings Ltd,5169.0,0.14485049833887043,4903.833333333333,189.31420986417825,89.55,0.03946604759141037,-0.006205877524216056,5.56,24973.0,20509.0,4464.0,-78.0,570.0,0.0,0.0,0.0,10580.0,7419.0,3161.0,-47.0
15107,2014/09/03, Discovery Holdings Ltd,9908.0,0.12450346158211327,9373.933333333332,223.48532478783252,185.3,0.08861526039563983,0.015089972047519218,6.0,23090.0,11718.0,11372.0,5058.0,3246.0,1136.0,24.0,40159.0,32037.0,51033.0,3752.0,8412.0
15265,2015/04/22, Discovery Holdings Ltd,13401.0,0.19812248547161376,12242.233333333334,856.2628965584811,362.8,0.049100813372136454,0.09290357529794149,5.8,36111.0,29491.0,6620.0,753.0,1537.0,0.0,0.0,0.0,16787.0,11653.0,5134.0,800.0
15506,2016/04/08, Discovery Holdings Ltd,11844.0,0.006543723973825104,11917.516666666666,548.2439606558477,473.46666666666664,-0.009287402904424202,0.045379801763120634,7.18,40067.0,34504.0,5563.0,507.0,1276.0,0.0,0.0,1.0,18898.0,-4071.0,5970.0,556.0
15608,2016/09/06, Discovery Holdings Ltd,12672.0,0.031166083489299373,12248.35,343.26566402981354,336.6666666666667,-0.10827020202020199,0.011579604399388734,7.29,33074.0,4316.0,28758.0,5803.0,3655.0,5000.0,94.0,99561.0,19016.0,79273.0,8697.0,985.0
15828,2010/02/26, Exxaro Resources Ltd,11500.0,0.2208067940552017,10304.566666666668,728.0094841686777,333.01666666666665,-0.04347826086956519,-0.03947738693467337,7.08,15009.0,14705.0,304.0,1789.0,1023.0,53.0,0.0,15809.0,7334.0,7270.0,3001.0,2117.0
15941,2010/08/12, Exxaro Resources Ltd,11450.0,0.03153153153153153,11376.316666666668,521.0625224096278,370.6666666666667,0.213886462882096,-0.012068197464868586,6.42,7852.0,6489.0,1363.0,2760.0,2408.0,69.0,0.0,17433.0,8208.0,7473.0,3021.0,1930.0
16078,2011/02/24, Exxaro Resources Ltd,14750.0,0.17063492063492064,14543.866666666667,890.0103306706688,344.8833333333333,0.09796610169491515,0.038344958550925755,5.53,17155.0,14519.0,2636.0,5900.0,5208.0,183.0,0.0,19407.0,9117.0,7190.0,3953.0,4106.0
16195,2011/08/18, Exxaro Resources Ltd,17101.0,0.09621794871794871,17185.216666666667,1008.3031574603527,489.96666666666664,0.04730717501900483,-0.10324401547092234,5.49,9324.0,7779.0,1545.0,3914.0,3205.0,28.0,2.0,20268.0,10181.0,7208.0,3888.0,2387.0
16325,2012/02/22, Exxaro Resources Ltd,20486.0,0.20505882352941177,18335.35,1339.5695340073103,426.8,-0.12110709753002047,0.054800250993516,5.5,12471.0,9663.0,2808.0,7049.0,7653.0,222.0,3.0,17419.0,4522.0,6346.0,4401.0,6503.0
16435,2012/08/01, Exxaro Resources Ltd,16500.0,-0.13157894736842105,18695.966666666667,1282.1704052201828,540.2666666666667,0.049090909090909074,0.03733234230886179,5.05,5873.0,4609.0,1264.0,4031.0,9046.0,541.0,1032.0,36440.0,5076.0,8449.0,3159.0,470.0
16585,2013/03/07, Exxaro Resources Ltd,16888.0,0.08395378690629011,17163.183333333334,583.5903918675265,421.28333333333336,-0.10824253908100423,0.054443601563867655,5.05,12229.0,10533.0,1696.0,5136.0,9745.0,15.0,183.0,37445.0,4161.0,8417.0,4383.0,543.0
16699,2013/08/22, Exxaro Resources Ltd,16060.0,0.07785234899328859,15072.9,686.1796152660344,481.53333333333336,-0.09090909090909094,0.023754422365865984,5.09,6245.0,5361.0,884.0,2675.0,2244.0,43.0,0.0,39660.0,4777.0,9844.0,4654.0,-189.0
16834,2014/03/06, Exxaro Resources Ltd,14950.0,0.06005814365737786,14897.95,453.90999723855066,432.1333333333333,-0.06153846153846154,0.0809391643537619,5.73,13568.0,12719.0,849.0,5800.0,6634.0,105.0,96.0,42461.0,4483.0,9157.0,3852.0,422.0
16947,2014/08/21, Exxaro Resources Ltd,14850.0,0.07220216606498195,14139.833333333334,418.9399118219668,262.8333333333333,-0.23703703703703705,0.030937945791726106,6.01,7412.0,6620.0,792.0,-2601.0,-1969.0,6.0,118.0,40402.0,5578.0,9186.0,3809.0,262.0
17082,2015/03/05, Exxaro Resources Ltd,10992.0,0.029695550351288055,10683.7,384.74368751750836,407.03333333333336,-0.2475436681222707,0.06813221787760299,5.8,16401.0,15197.0,1204.0,-871.0,307.0,13.0,111.0,41408.0,5693.0,9182.0,3590.0,1660.0
17196,2015/08/20, Exxaro Resources Ltd,6747.0,-0.21546511627906978,7864.683333333333,769.0241337964526,328.28333333333336,-0.2774566473988439,-0.06373673036093418,6.16,8324.0,6513.0,1811.0,1569.0,1728.0,28.0,0.0,41638.0,9987.0,12638.0,3645.0,1297.0
17332,2016/03/03, Exxaro Resources Ltd,7304.0,0.6017543859649123,5460.116666666667,1283.5722938797114,461.51666666666665,-0.1529299014238773,0.038987456209741214,7.04,18330.0,13408.0,4922.0,1369.0,2463.0,2100.0,1783.0,46482.0,6016.0,12701.0,4655.0,3011.0
17444,2016/08/18, Exxaro Resources Ltd,8146.0,0.21256326287585592,7384.283333333334,851.3190780187311,381.3666666666667,0.37490793027252645,-0.03895184135977337,7.3,9762.0,7557.0,2205.0,1862.0,1194.0,96.0,0.0,46126.0,6492.0,11940.0,4298.0,1380.0
17684,2010/03/09, Firstrand Ltd,1670.0,0.06914212548015365,1592.5166666666667,35.64965669678888,34.733333333333334,-0.038922155688622784,0.009158465555332396,6.95,23660.0,11179.0,12481.0,6825.0,4710.0,993.0,72.0,699669.0,102720.0,202246.0,543521.0,2444.0
17813,2010/09/14, Firstrand Ltd,1741.0,0.06288156288156288,1677.35,60.42331601827388,42.88333333333333,0.058587018954623815,0.007020466444550214,6.08,38817.0,22467.0,16350.0,12307.0,9788.0,372.0,0.0,778409.0,66831.0,221038.0,565239.0,9652.0
17935,2011/03/08, Firstrand Ltd,1930.0,0.04777415852334419,1961.8166666666666,55.45818142533931,40.38333333333333,0.025388601036269387,0.023103950030166447,5.5,19133.0,10754.0,8379.0,7267.0,12230.0,4057.0,47.0,613246.0,82563.0,28520.0,609541.0,4525.0
18062,2011/09/13, Firstrand Ltd,2060.0,0.07068607068607069,1952.0,56.496887569891236,55.45,-0.011165048543689271,-0.015562212318258202,5.49,38187.0,20818.0,17369.0,18572.0,20366.0,3795.0,89.0,626481.0,71446.0,31277.0,602431.0,7207.0
18180,2012/03/01, Firstrand Ltd,2463.0,0.22720478325859492,2204.8333333333335,119.91171422775759,45.65,0.04547300040600888,0.034035766398588345,5.54,20278.0,9748.0,10530.0,8766.0,6067.0,553.0,0.0,665395.0,96266.0,31089.0,665473.0,4086.0
18312,2012/09/11, Firstrand Ltd,2755.0,0.02188427299703264,2753.55,57.909755918227816,58.083333333333336,0.10199637023593477,0.025667923291263727,4.94,41335.0,19453.0,21882.0,17889.0,13196.0,1032.0,201.0,678489.0,91276.0,640855.0,59103.0,3941.0
18433,2013/03/06, Firstrand Ltd,3126.0,0.03304692663582287,3145.4333333333334,88.03858296449455,72.23333333333333,-0.09948816378758796,0.0511258821117976,5.05,12376.0,2259.0,10117.0,10200.0,7019.0,171.0,288.0,708127.0,117200.0,684326.0,67503.0,14298.0
18561,2013/09/10, Firstrand Ltd,3230.0,0.17754283631060883,2945.7,112.14734557110104,73.33333333333333,0.018575851393188847,0.0666612026336639,5.06,24715.0,4812.0,19903.0,20031.0,14539.0,202.0,0.0,761717.0,107952.0,734037.0,56004.0,10946.0
18681,2014/03/04, Firstrand Ltd,3501.0,0.06413373860182371,3326.5333333333333,139.95368079605393,84.38333333333334,0.1325335618394745,0.0762595324415552,5.73,14693.0,2294.0,12399.0,12524.0,8839.0,0.0,38.0,793770.0,100661.0,757944.0,54368.0,212.0
18809,2014/09/09, Firstrand Ltd,4528.0,0.10170316301703163,4273.866666666667,159.47716128574086,83.5,0.0854681978798586,0.010720589196609506,6.0,29878.0,5252.0,24626.0,25328.0,18440.0,0.0,78.0,837837.0,107698.0,810217.0,47101.0,12031.0
18934,2015/03/10, Firstrand Ltd,5260.0,0.07019328585961343,5081.933333333333,205.53723458845812,128.78333333333333,-0.005703422053231932,0.07004522787892845,5.8,25309.0,10497.0,14812.0,10378.0,7340.0,0.0,465.0,788622.0,88200.0,766930.0,43283.0,-8660.0
19060,2015/09/10, Firstrand Ltd,5073.0,-0.005684045472363779,5332.466666666666,178.43998817121243,134.9,-0.10703725606150205,-0.04099003004048936,6.24,35621.0,5150.0,30471.0,29200.0,21623.0,1611.0,532.0,951845.0,107421.0,914060.0,46602.0,4401.0
19184,2016/03/08, Firstrand Ltd,4560.0,0.17556071152358854,4306.0,288.69178920182793,188.38333333333333,0.01754385964912286,0.06024565745451212,7.04,20020.0,2870.0,17150.0,14260.0,10480.0,0.0,17.0,998608.0,140900.0,947634.0,88083.0,-5573.0
19308,2016/09/08, Firstrand Ltd,4720.0,0.05829596412556054,4671.883333333333,240.42491281182586,128.1,0.08347457627118637,0.020089725352883246,7.29,42041.0,6902.0,35139.0,30159.0,22563.0,0.0,62.0,1031909.0,117368.0,958882.0,82330.0,-7633.0
19524,2010/02/24, Growthpoint Properties Ltd,1427.0,0.048493754592211606,1369.3333333333333,15.429079595852203,22.9,0.016818500350385346,-0.03780891923184413,7.08,2100.0,455.0,1645.0,1593.0,241.0,543.0,0.0,36439.0,1378.0,31822.0,3783.0,1842.0
19648,2010/08/25, Growthpoint Properties Ltd,1631.0,0.09316353887399464,1570.6833333333334,56.129538936667814,32.233333333333334,0.08645003065603918,-0.03447847682119205,6.42,3430.0,759.0,2671.0,3190.0,106.0,550.0,0.0,36398.0,1293.0,31133.0,4512.0,3967.0
19775,2011/02/23, Growthpoint Properties Ltd,1671.0,-0.044050343249427915,1735.9166666666667,57.896837437900935,33.28333333333333,0.030520646319569078,0.0662768752544129,5.53,2228.0,488.0,1740.0,1679.0,-54.0,383.0,0.0,40185.0,1440.0,33869.0,5410.0,1480.0
19897,2011/08/24, Growthpoint Properties Ltd,1860.0,0.05263157894736842,1805.1666666666667,24.892423914950704,34.75,-0.001612903225806428,-0.1024783232061173,5.49,4640.0,1009.0,3631.0,3496.0,90.0,735.0,0.0,47442.0,1289.0,39965.0,5968.0,4270.0
20023,2012/02/22, Growthpoint Properties Ltd,2012.0,0.11777777777777777,1937.0333333333333,73.31126272911752,26.7,0.02634194831013925,0.054800250993516,5.5,2689.0,609.0,2080.0,2003.0,255.0,259.0,0.0,51725.0,1438.0,44503.0,5438.0,1887.0
20152,2012/08/29, Growthpoint Properties Ltd,2655.0,0.2703349282296651,2423.4,159.99779659499632,51.166666666666664,-0.06967984934086624,0.07416415456289395,5.05,5290.0,1102.0,4188.0,4012.0,-127.0,582.0,0.0,54288.0,1498.0,48394.0,4318.0,4926.0
20277,2013/02/27, Growthpoint Properties Ltd,2620.0,0.036802532647407994,2547.983333333333,44.57995736729263,54.61666666666667,0.03702290076335868,0.02649534780682322,5.04,2866.0,597.0,2269.0,2160.0,-111.0,7.0,0.0,56091.0,2689.0,50174.0,5740.0,2003.0
20401,2013/08/28, Growthpoint Properties Ltd,2340.0,-0.031055900621118012,2519.95,101.1478905499816,77.86666666666666,0.04914529914529919,0.0410009624639076,5.09,5782.0,1237.0,4545.0,4309.0,-211.0,61.0,0.0,61120.0,3034.0,56697.0,4764.0,5784.0
20530,2014/03/04, Growthpoint Properties Ltd,2344.0,0.0012815036309269544,2310.85,65.59656486458096,49.75,0.013651877133105783,0.0762595324415552,5.73,3045.0,647.0,2398.0,2278.0,3195.0,38423.0,342.0,64489.0,2562.0,23759.0,2888.0,2226.0
20649,2014/08/27, Growthpoint Properties Ltd,2554.0,0.07672849915682968,2462.5333333333333,54.83394552574133,36.18333333333333,0.02779953014878611,0.027664389031857306,6.01,6605.0,1384.0,5221.0,4954.0,6110.0,47056.0,728.0,81573.0,1671.0,77091.0,6153.0,5958.0
20780,2015/03/05, Growthpoint Properties Ltd,2960.0,0.1169811320754717,2829.3333333333335,138.83103578513368,64.41666666666667,-0.15033783783783783,0.06813221787760299,5.8,3776.0,756.0,3020.0,3865.0,3744.0,1230.0,0.0,84214.0,2402.0,24962.0,4406.0,2917.0
20898,2015/08/26, Growthpoint Properties Ltd,2533.0,0.004760015866719556,2663.1833333333334,106.4815559212555,53.31666666666667,-0.02921437031188312,-0.07518049370974017,6.16,7870.0,1630.0,6240.0,5937.0,6548.0,11984.0,0.0,103187.0,3216.0,30372.0,7949.0,7066.0
21030,2016/03/03, Growthpoint Properties Ltd,2436.0,0.027848101265822784,2305.5,104.79350154519129,91.38333333333334,0.002873563218390718,0.038987456209741214,7.04,4777.0,998.0,3779.0,3626.0,5088.0,544.0,0.0,112922.0,3400.0,32796.0,9719.0,4077.0
21152,2016/09/01, Growthpoint Properties Ltd,2490.0,-0.01775147928994083,2594.4333333333334,97.66153358022531,57.45,-0.014457831325301207,-0.03447554932993247,7.29,10219.0,2126.0,8093.0,7785.0,6653.0,1952.0,65.0,113176.0,5351.0,43436.0,6796.0,8973.0
21370,2010/02/19, Impala Platinum Holdings Ltd,19450.0,0.12551356981656153,19657.183333333334,1390.3789690885014,688.9666666666667,-0.07455012853470433,0.0016779896865024148,7.08,11122.0,8034.0,3088.0,2583.0,1269.0,43.0,724.0,47393.0,11745.0,10649.0,5721.0,2422.0
21499,2010/08/27, Impala Platinum Holdings Ltd,17250.0,-0.1101367036368326,18929.766666666666,797.8589435390965,647.45,0.22643478260869565,-0.025883319638455218,6.42,25446.0,17294.0,8152.0,7031.0,4715.0,43.0,724.0,49743.0,12828.0,11072.0,5766.0,7225.0
21621,2011/02/18, Impala Platinum Holdings Ltd,21600.0,0.023696682464454975,22147.283333333333,1018.0356806983652,599.2833333333333,-0.1699074074074074,0.050719965613582635,5.53,15315.0,10294.0,5021.0,4223.0,2070.0,82.0,0.0,50565.0,12139.0,10680.0,6276.0,3206.0
21748,2011/08/26, Impala Platinum Holdings Ltd,16850.0,-0.11077101694020793,17557.533333333333,654.9794269421543,542.7,0.03602373887240362,-0.0845889690938398,5.49,33132.0,21490.0,11642.0,10193.0,6638.0,82.0,0.0,52808.0,14796.0,11480.0,6514.0,9561.0
21869,2012/02/17, Impala Platinum Holdings Ltd,16299.0,-0.041066070483026414,16925.15,470.0232891813468,485.23333333333335,-0.13491625253083006,0.09712840888567817,5.5,15412.0,10606.0,4806.0,3999.0,3482.0,77.0,0.0,56810.0,14580.0,13657.0,5256.0,5126.0
21998,2012/08/24, Impala Platinum Holdings Ltd,13600.0,0.014925373134328358,13372.6,572.3114655145909,430.48333333333335,0.11029411764705888,0.07537757124308071,5.05,27593.0,20641.0,6952.0,5592.0,5010.0,77.0,0.0,58939.0,13688.0,14076.0,6076.0,6250.0
22118,2013/02/15, Impala Platinum Holdings Ltd,15100.0,0.0,16123.3,838.306147305471,488.45,-0.36258278145695366,0.08536841159020765,5.04,15161.0,12560.0,2601.0,1602.0,813.0,82.0,0.0,61105.0,13583.0,14996.0,6526.0,3100.0
22252,2013/08/30, Impala Platinum Holdings Ltd,11350.0,0.13761651799138017,9945.416666666666,911.0246288076806,377.9166666666667,0.043171806167400906,0.033503457359236086,5.09,30032.0,24980.0,5052.0,2376.0,2143.0,82.0,0.0,62740.0,17979.0,19656.0,6447.0,5938.0
22377,2014/02/28, Impala Platinum Holdings Ltd,11400.0,-0.03389830508474576,11852.466666666667,481.0189208962034,548.0833333333334,-0.008859649122807012,0.08279736634720491,5.56,16502.0,14742.0,1760.0,1337.0,1304.0,42.0,0.0,64604.0,17424.0,19430.0,6882.0,1877.0
22500,2014/08/29, Impala Platinum Holdings Ltd,9625.0,-0.1356860632183908,10828.1,410.91974968144166,309.85,-0.12820779220779221,0.010821118921436015,6.01,29028.0,25786.0,3242.0,-21.0,569.0,101.0,0.0,64692.0,79867.0,18718.0,6232.0,5234.0
22625,2015/02/27, Impala Platinum Holdings Ltd,7171.0,-0.09112801013941699,7600.866666666667,291.6434709104578,336.03333333333336,-0.13931111421001252,0.08576894707726351,5.88,15903.0,14384.0,1519.0,462.0,249.0,131.0,0.0,66626.0,81905.0,18673.0,7078.0,160.0
22754,2015/09/04, Impala Platinum Holdings Ltd,4492.0,-0.23967501692620177,4993.433333333333,516.9484571455148,248.66666666666666,-0.2960819234194123,-0.06119577452593298,6.24,32477.0,30849.0,1628.0,-4029.0,-2372.0,131.0,0.0,61959.0,15256.0,17343.0,7510.0,2328.0
22875,2016/02/26, Impala Platinum Holdings Ltd,3100.0,-0.030947170990934667,2918.866666666667,414.6975400434312,231.88333333333333,0.5403225806451613,-0.049372820035096084,6.93,16976.0,16955.0,21.0,-124.0,2913.0,109.0,0.0,66401.0,19561.0,19483.0,7047.0,976.0
23002,2016/09/02, Impala Platinum Holdings Ltd,6610.0,0.41511453650181973,5517.966666666666,757.5612067162579,283.26666666666665,-0.28804841149773075,-0.006532355241739425,7.29,35932.0,35928.0,4.0,-370.0,-70.0,109.0,0.0,65288.0,19728.0,18814.0,7746.0,2731.0
23410,2010/11/24, Investec PLC,5625.0,0.05042016806722689,5588.333333333333,73.23138779370491,88.56666666666666,-0.011733333333333373,0.15554169265959658,5.65,1118360.0,797186.0,321174.0,758198.0,246993.0,348579.0,10006.0,38645231.0,10333207.0,11465692.0,26757802.0,343799.0
23660,2011/11/23, Investec PLC,4341.0,-0.12036474164133738,4645.933333333333,182.2686475700164,127.86666666666666,0.1080396222068647,0.009075667006852311,5.49,1183565.0,818853.0,364712.0,849075.0,178920.0,56176.0,57298.0,33492552.0,10346386.0,11934621.0,26779207.0,394574.0
23797,2012/06/14, Investec PLC,4543.0,-0.04718959731543624,4474.733333333334,156.07743261517936,84.86666666666666,0.14461809377063606,-0.02243621237430808,5.58,2299925.0,1600878.0,699047.0,1606888.0,247527.0,315329.0,82302.0,40517375.0,4767179.0,19226679.0,28311199.0,776135.0
23911,2012/11/23, Investec PLC,5424.0,0.07384676301722432,5212.633333333333,100.87363578006163,101.56666666666666,0.20556784660766958,0.08791775435882561,4.93,1127516.0,777797.0,349719.0,851767.0,168472.0,217997.0,39121.0,39694260.0,4279179.0,18810234.0,27420830.0,366363.0
24046,2013/06/12, Investec PLC,6641.0,-0.03725717599304146,6624.733333333334,367.97051589090665,166.43333333333334,-0.006776087938563435,-0.021447128406389918,5.12,2131765.0,1429239.0,702526.0,1755488.0,317491.0,122322.0,62209.0,47325104.0,3674414.0,19486567.0,27508302.0,779740.0
24294,2014/06/12, Investec PLC,9579.0,0.2061193653991438,8856.333333333334,445.2096313191549,155.36666666666667,0.029126213592232997,0.09298317014196453,5.79,1905383.0,1253704.0,651679.0,1774812.0,331666.0,122322.0,62209.0,42850695.0,4291212.0,17797912.0,25330954.0,705374.0
24408,2014/11/21, Investec PLC,10378.0,0.07078002476269088,9725.816666666668,397.616606568895,200.58333333333334,0.0018307959144343577,-0.007444602117672743,5.84,912645.0,580259.0,332386.0,886105.0,121624.0,72051.0,52090.0,40923140.0,5008160.0,17645543.0,24355019.0,308376.0
24544,2015/06/11, Investec PLC,11217.0,0.07648752399232246,10968.583333333334,449.62516560821723,221.43333333333334,-0.040474280110546546,0.007773604681631584,5.76,1790867.0,1155890.0,634977.0,1829098.0,245509.0,193032.0,122637.0,39789645.0,4563757.0,15789745.0,24523162.0,722593.0
24659,2015/11/24, Investec PLC,11754.0,0.07558565153733529,11114.933333333332,329.09412731461623,245.31666666666666,-0.12625489195167605,0.056622554009727405,6.33,849817.0,564317.0,285500.0,949897.0,197607.0,317310.0,78978.66667,31886832.0,4286751.0,7917385.0,23468811.0,338279.6667
24905,2016/11/17, Investec PLC,8900.0,0.015518028297581013,8533.216666666667,213.27114051983747,187.85,0.08067415730337069,-0.05295637505071427,7.48,914095.6667,599944.6667,314151.0,1034297.0,229918.0,236065.0,133495.0,38964058.0,6255267.0,17152929.0,30841206.0,370866.0
25072,2010/02/25, Imperial Holdings Ltd,9290.0,0.14833127317676142,8640.533333333333,392.4800962962329,285.3833333333333,0.022604951560817987,-0.028285041798555313,7.08,25683.0,23564.0,2119.0,1606.0,1261.0,74.0,87.0,24064.0,9223.0,11792.0,10013.0,2039.0
25195,2010/08/25, Imperial Holdings Ltd,9651.0,0.004789172306090578,9326.133333333333,364.2002367233958,248.71666666666667,0.3029737850999896,-0.03447847682119205,6.42,53438.0,48771.0,4667.0,3537.0,2085.0,201.0,500.0,24859.0,9364.0,8737.0,13540.0,4753.0
25444,2011/08/24, Imperial Holdings Ltd,10699.0,-0.06973306668985306,11645.15,479.28006832986324,304.0,0.10477614730348628,-0.1024783232061173,5.49,64667.0,58646.0,6021.0,4180.0,2562.0,118.0,1034.0,25872.0,10661.0,11671.0,11846.0,6077.0
25571,2012/02/23, Imperial Holdings Ltd,13890.0,0.23029229406554472,12956.766666666666,830.5468969435464,319.21666666666664,0.13390928725701934,0.07033198665027227,5.5,38385.0,34930.0,3455.0,2198.0,1350.0,76.0,12.0,29352.0,11063.0,12406.0,13055.0,3842.0
25694,2012/08/22, Imperial Holdings Ltd,19743.0,0.20420860018298262,17922.733333333334,912.8068625736047,460.6,-0.03261915615661248,0.05587063668894741,5.05,80830.0,73402.0,7428.0,4770.0,2980.0,430.0,644.0,32878.0,12820.0,13458.0,16351.0,7440.0
25824,2013/02/27, Imperial Holdings Ltd,19900.0,0.05291005291005291,19700.716666666667,603.6047110278411,474.76666666666665,0.12562814070351758,0.02649534780682322,5.04,45262.0,41310.0,3952.0,2490.0,1579.0,60.0,701.0,35254.0,12792.0,17542.0,14010.0,4285.0
25943,2013/08/21, Imperial Holdings Ltd,20988.0,-0.038086071772308536,20488.333333333332,750.5572995360515,757.9666666666667,-0.051839146178768836,0.03771230126431168,5.09,92382.0,84225.0,8157.0,6087.0,3294.0,309.0,464.0,39355.0,12281.0,14393.0,19530.0,7191.0
26074,2014/02/27, Imperial Holdings Ltd,16304.0,-0.22784750177598864,18762.616666666665,1592.259582913006,598.1,0.2296368989205102,0.0800896107532904,5.56,51357.0,47136.0,4221.0,3166.0,1734.0,96.0,0.0,43024.0,13385.0,21012.0,16558.0,4328.0
26196,2014/08/27, Imperial Holdings Ltd,19715.0,0.0017784552845528454,19609.483333333334,402.1286787753321,458.56666666666666,-0.009282272381435419,0.027664389031857306,6.01,103567.0,95197.0,8370.0,6185.0,3272.0,174.0,100.0,44036.0,14985.0,37728.0,3184.0,5689.0
26320,2015/02/24, Imperial Holdings Ltd,19061.0,-0.04695,19039.866666666665,893.352255891905,649.7833333333333,-0.022086983893814582,0.04863384327610395,5.88,56234.0,52226.0,4008.0,2872.0,1426.0,75.0,449.0,47988.0,16090.0,27355.0,18461.0,4257.0
26444,2015/08/25, Imperial Holdings Ltd,17790.0,-0.023064250411861616,17567.066666666666,854.7777958193064,488.26666666666665,-0.1259134345137718,-0.06538395316804407,6.16,107453.0,99290.0,8163.0,5671.0,3054.0,130.0,65.0,50592.0,15120.0,23582.0,22897.0,8999.0
26570,2016/02/23, Imperial Holdings Ltd,13000.0,-0.1548013783239061,11887.333333333334,1204.2915727055479,715.5333333333333,0.01538461538461533,-0.07615290611667345,6.93,58201.0,54083.0,4118.0,2792.0,1699.0,73.0,74.0,57732.0,17131.0,32238.0,21434.0,4485.0
26692,2016/08/23, Imperial Holdings Ltd,16873.0,0.1716547461981807,15623.433333333332,1102.55140725919,692.2166666666667,-0.03330765127718838,-0.05008948223726164,7.3,115738.0,107286.0,8452.0,5893.0,3049.0,148.0,741.0,-59608.0,129438.0,26767.0,23261.0,8124.0
26930,2010/03/10, Intu Properties PLC,3801.0,-0.06356245380635625,4048.383333333333,144.81128475395323,96.3,-0.1283872665088135,0.015143603133159269,6.95,568.4,197.5,370.9,-460.9,-338.8,18.1,42.5,6339.4,708.9,3807.4,819.8,335.7
27032,2010/08/06, Intu Properties PLC,3533.0,-0.02268326417704011,3417.266666666667,129.6710135358511,85.26666666666667,0.09425417492216237,0.0013506534779327056,6.42,205.0,240.8,-35.8,460.3,292.5,9.4,801.3,5002.6,660.4,3167.1,633.9,109.4
27172,2011/02/24, Intu Properties PLC,3964.0,-0.0030181086519114686,3945.4166666666665,100.85150884422691,107.36666666666666,0.05524722502522694,0.038344958550925755,5.53,420.3,287.4,132.9,446.2,428.8,10.7,820.7,5201.2,726.0,3107.6,526.3,226.8
27279,2011/08/03, Intu Properties PLC,3606.0,-0.10253857640617223,3914.85,122.51279075388169,76.38333333333334,0.16666666666666674,-0.06377303588748788,5.49,256.0,114.2,141.8,184.5,183.3,10.7,820.7,7140.0,235.6,3875.6,333.4,153.8
27421,2012/02/24, Intu Properties PLC,4103.0,0.04481792717086835,3997.016666666667,98.46370606689467,107.1,-0.2139897635876188,0.03759782238856754,5.5,516.1,447.2,68.9,27.2,30.0,10.7,820.7,7228.1,171.8,4083.1,371.2,323.0
27526,2012/07/27, Intu Properties PLC,3241.0,0.038449214995193846,3211.65,61.49654117330803,55.233333333333334,0.11570502931194082,0.006853623812204086,5.37,263.4,112.4,151.0,70.2,78.9,5.3,18.5,7251.3,174.6,4013.2,449.2,173.9
27674,2013/02/28, Intu Properties PLC,3514.0,-0.08798338956657151,3861.9,104.45884762652578,92.83333333333333,0.07911212293682413,0.03942228009944359,5.04,525.7,234.5,291.2,152.6,155.9,6.9,21.4,7334.2,257.5,4250.7,334.8,339.2
28027,2014/08/01, Intu Properties PLC,5840.0,0.10209473485563314,5612.033333333334,177.1532867480682,98.55,-0.0018835616438356295,0.03380198781951142,6.01,261.1,133.8,127.3,567.0,588.3,566.0,73.8,8989.9,283.9,4330.8,323.7,146.2
28765,2010/02/18, Kumba Iron Ore Ltd,34400.0,0.3154875717017208,30198.15,2539.4932153242776,883.3666666666667,-0.07558139534883723,0.003472505923686576,7.08,23408.0,10528.0,12880.0,12880.0,6975.0,244.0,60.0,12031.0,5776.0,6609.0,2242.0,2666.0
28870,2010/07/22, Kumba Iron Ore Ltd,37500.0,0.041666666666666664,32861.98333333333,1567.5059807597204,1117.3666666666666,0.04746666666666677,-0.01251471165162809,6.48,17826.0,6619.0,11207.0,11207.0,6489.0,157.0,103.0,13403.0,9961.0,6006.0,3165.0,4301.0
29011,2011/02/10, Kumba Iron Ore Ltd,46050.0,0.10963855421686747,43626.6,2026.8724860180175,954.9,-0.03148751357220414,0.04863612052059191,5.53,38704.0,13573.0,25131.0,25131.0,14323.0,640.0,191.0,16798.0,11077.0,6129.0,3370.0,18241.0
29119,2011/07/21, Kumba Iron Ore Ltd,51256.0,0.0859552109154855,47024.95,2287.2861457877584,1147.15,-0.0670750741376619,-0.03288031565103025,5.49,24066.0,7149.0,16917.0,16917.0,9052.0,657.0,140.0,18566.0,13977.0,7536.0,3448.0,11249.0
29258,2012/02/08, Kumba Iron Ore Ltd,55327.0,0.09558415841584159,51387.46666666667,1789.8408457480107,964.1833333333333,-0.0800151824606431,0.05004462140454452,5.5,48553.0,16587.0,31966.0,31966.0,17042.0,337.0,278.0,22238.0,12175.0,5843.0,7978.0,25500.0
29369,2012/07/19, Kumba Iron Ore Ltd,56700.0,0.04711074996768177,54094.25,2128.965354066195,1564.4166666666667,-0.13315696649029984,-0.0007652636832473798,5.37,25236.0,10787.0,14449.0,14449.0,7401.0,609.0,51.0,23578.0,11126.0,6900.0,6711.0,10247.0
30369,2016/07/21, Kumba Iron Ore Ltd,12524.0,0.028243021346469624,9960.716666666667,1674.4910898215255,698.6833333333333,0.003114021079527296,-0.014849384811200678,7.35,17566.0,12411.0,5155.0,5155.0,2974.0,2191.0,364.0,36600.0,12345.0,15291.0,4540.0,6728.0
30754,2012/11/16, Life Healthcare,3199.0,-0.08626106826620965,3229.7833333333333,106.81650536882334,118.01666666666667,0.0003125976867770497,0.04083060387318345,4.93,10937.0,6527.0,4410.0,2542.0,1496.0,31.0,1281.0,7771.0,1485.0,2445.0,1933.0,3042.0
31003,2013/11/15, Life Healthcare,3982.0,0.11853932584269664,3786.35,245.78596345297095,110.61666666666666,-0.07332998493219489,0.054773164267525855,5.07,11843.0,6169.0,5674.0,2948.0,1761.0,3.0,41.0,8343.0,1627.0,2150.0,2213.0,3414.0
31251,2014/11/14, Life Healthcare,4301.0,-0.0073851834756519736,4410.333333333333,197.4958198799384,131.93333333333334,0.002790048825854541,-0.01813975611865433,5.84,13046.0,8953.0,4093.0,3973.0,2774.0,0.0,0.0,9700.0,2113.0,2909.0,3004.0,3769.0
31371,2015/05/13, Life Healthcare,3765.0,-0.12705773243681892,4281.516666666666,197.76852517025384,122.26666666666667,0.02443559096945558,0.04260559576536675,5.73,7089.0,5444.0,1645.0,1450.0,884.0,41.0,2865.0,12218.0,2344.0,4387.0,4281.0,1516.0
31500,2015/11/13, Life Healthcare,3749.0,0.01764386536373507,3763.8166666666666,130.56519790493255,97.6,-0.08668978394238469,0.04784797496485101,6.33,14647.0,11145.0,3502.0,3112.0,2010.0,41.0,123.0,13164.0,2771.0,5873.0,3614.0,3842.0
31620,2016/05/11, Life Healthcare,3796.0,0.10864485981308411,3612.9166666666665,106.16924315493192,125.0,0.006849315068493178,0.06884569946026084,7.16,7860.0,6034.0,1826.0,1591.0,1078.0,37.0,156.0,14571.0,3054.0,6708.0,4118.0,1625.0
31746,2016/11/08, Life Healthcare,3560.0,-0.07291666666666667,3784.233333333333,108.60008531797939,84.58333333333333,-0.0491573033707865,-0.022207549246175854,7.48,16567.0,12907.0,3660.0,2864.0,1616.0,37.0,156.0,14395.0,3102.0,6111.0,4588.0,4024.0
31919,2010/02/24, Mondi Ltd,4443.0,0.15492591629841435,4131.783333333334,166.1610502878703,181.15,-0.021156875984695067,-0.03780891923184413,7.08,5257.0,2768.0,2489.0,294.0,95.0,37.0,4.0,4476.0,1696.0,2006.0,1369.0,867.0
32032,2010/08/10, Mondi Ltd,5123.0,0.08285774677658,4640.766666666666,245.76076052215987,200.95,0.08217841108725366,0.02073070607553366,6.42,3033.0,1624.0,1409.0,222.0,103.0,22.0,5.0,4677.0,1880.0,2107.0,1469.0,269.0
32169,2011/02/22, Mondi Ltd,5849.0,0.13330749854679325,5380.183333333333,317.318611827982,177.45,0.06137801333561299,0.06897687353629976,5.53,6228.0,3322.0,2906.0,509.0,239.0,12.0,6.0,4693.0,1799.0,1674.0,1595.0,778.0
32275,2011/07/29, Mondi Ltd,6613.0,0.09215524360033031,6423.583333333333,281.2380192050032,190.53333333333333,-0.1082715862694692,-0.0394536652835408,5.49,2942.0,1528.0,1414.0,354.0,212.0,5.0,8.0,4231.0,1730.0,1336.0,1607.0,403.0
32419,2012/02/23, Mondi Ltd,6953.0,0.27344322344322347,6106.533333333334,381.29904926681013,155.26666666666668,-0.04947504674241332,0.07033198665027227,5.5,5739.0,2998.0,2741.0,622.0,224.0,4.0,25.0,3971.0,1674.0,1304.0,1306.0,917.0
32533,2012/08/08, Mondi Ltd,7394.0,0.0802045288531775,6982.95,223.14587651004618,189.23333333333332,0.2711658101163106,0.03897836017471908,5.05,2840.0,1500.0,1340.0,269.0,153.0,6.0,330.0,4068.0,1672.0,1602.0,1623.0,353.0
32669,2013/02/22, Mondi Ltd,11550.0,0.27413127413127414,9966.833333333334,774.5519681806977,271.93333333333334,0.13515151515151524,0.05501501501501502,5.04,5807.0,3049.0,2758.0,568.0,244.0,26.0,332.0,4755.0,1859.0,2295.0,1443.0,845.0
33031,2014/08/08, Mondi Ltd,18026.0,0.015549295774647887,19058.816666666666,576.3318986012558,431.9,0.03239764784200605,0.021225093574198176,6.01,3148.0,1654.0,1494.0,377.0,235.0,277.0,437.0,4445.0,1963.0,1875.0,1628.0,439.0
33155,2015/02/05, Mondi Ltd,21000.0,0.10905730129390019,19092.15,767.3065112483421,520.05,0.13857142857142857,0.01009921647836992,5.88,6402.0,3314.0,3088.0,767.0,519.0,9.0,22.0,4367.0,1981.0,2131.0,1323.0,1033.0
33281,2015/08/07, Mondi Ltd,31131.0,0.1555250361901934,28044.05,1415.2922010695027,576.6666666666666,0.03241142269763264,-0.03516071985852491,6.16,3459.0,1727.0,1732.0,490.0,328.0,5.0,31.0,4579.0,2138.0,2057.0,1527.0,538.0
33421,2016/02/26, Mondi Ltd,28417.0,-0.15425595238095238,28993.933333333334,1634.7974618417934,1031.8833333333334,0.08157089066403911,-0.049372820035096084,6.93,6819.0,3413.0,3406.0,957.0,647.0,12.0,31.0,4526.0,1943.0,1829.0,1453.0,1279.0
33529,2016/08/05, Mondi Ltd,28202.0,-0.028689512657137938,28301.116666666665,1413.6088938612534,672.3,-0.06566910148216443,0.0014515703351807865,7.3,3312.0,1614.0,1698.0,529.0,363.0,6.0,20.0,4612.0,2241.0,1681.0,1812.0,620.0
33779,2010/03/11, MTN Group Ltd,11550.0,0.007853403141361256,11158.566666666668,383.84638376267884,274.53333333333336,-0.12207792207792212,0.011916743830266918,6.95,111947.0,15925.0,96022.0,25773.0,14650.0,20392.0,21226.0,110213.0,46024.0,28426.0,54945.0,36282.0
33889,2010/08/20, MTN Group Ltd,12025.0,0.09318181818181819,11107.616666666667,616.9196330283346,310.3833333333333,0.10145530145530146,-0.008942311691552634,6.42,55989.0,8320.0,47669.0,14767.0,8094.0,2.0,0.0,112356.0,47204.0,32590.0,49995.0,15269.0
34030,2011/03/10, MTN Group Ltd,12728.0,0.014183266932270917,12783.783333333333,351.9198720272126,307.6666666666667,0.09538026398491506,-0.027085742317530397,5.5,114684.0,16818.0,97866.0,28095.0,14300.0,3198.0,0.0,99727.0,54234.0,33995.0,46717.0,34728.0
34137,2011/08/18, MTN Group Ltd,13298.0,-0.061869488536155204,14080.95,407.6667559394955,353.48333333333335,0.0227853812603398,-0.10324401547092234,5.49,56542.0,8755.0,47787.0,17166.0,10607.0,122.0,0.0,99505.0,57938.0,34710.0,45331.0,12720.0
34278,2012/03/08, MTN Group Ltd,13900.0,-0.0485968514715948,13593.066666666668,328.2985860186751,290.31666666666666,-0.033812949640287804,0.03825779870512066,5.54,121884.0,8755.0,113129.0,37640.0,20754.0,6.0,930.0,113787.0,66801.0,33392.0,55317.0,27874.0
34382,2012/08/08, MTN Group Ltd,15300.0,0.11989459815546773,14159.5,731.3440957857091,295.1,0.07320261437908493,0.03897836017471908,5.05,66426.0,10389.0,56037.0,17166.0,9450.0,2.0,2088.0,110716.0,62476.0,35021.0,51006.0,10957.0
34528,2013/03/08, MTN Group Ltd,17577.0,0.03394117647058824,17623.633333333335,345.20904826719146,392.53333333333336,-0.05455993628036637,0.04867565055762082,5.05,135112.0,20464.0,114648.0,41318.0,20704.0,3.0,2088.0,121097.0,60287.0,33307.0,55190.0,25078.0
34636,2013/08/15, MTN Group Ltd,19603.0,0.06249322493224932,18056.933333333334,775.2260002169022,491.23333333333335,0.011579860225475747,0.040712188966009165,5.09,65248.0,8412.0,56836.0,19596.0,12537.0,2.0,0.0,132636.0,65020.0,43950.0,50042.0,4854.0
34776,2014/03/06, MTN Group Ltd,20253.0,0.005610724925521351,20367.033333333333,752.7595552514528,497.0833333333333,0.13810299708685125,0.0809391643537619,5.73,136495.0,18299.0,118196.0,40510.0,26289.0,5.0,0.0,150910.0,75911.0,49066.0,57984.0,27025.0
34880,2014/08/08, MTN Group Ltd,23235.0,0.04775432900432901,22492.883333333335,344.17359098879706,381.5833333333333,0.0559931138368841,0.021225093574198176,6.01,72759.0,10692.0,62067.0,22876.0,13390.0,5.0,5.0,147166.0,75493.0,51947.0,50267.0,6234.0
35128,2015/08/05, MTN Group Ltd,20866.0,-0.09866090712742981,22057.633333333335,847.3012584663171,509.65,-0.24374580657529,-0.017693601644757338,6.16,69304.0,10861.0,58443.0,19925.0,11900.0,3.0,2422.0,161219.0,85269.0,51495.0,67573.0,1432.0
35274,2016/03/03, MTN Group Ltd,14163.0,0.033795620437956204,13248.133333333333,875.4957426969803,696.2,-0.11572406975923177,0.038987456209741214,7.04,147063.0,18809.0,128254.0,35328.0,20204.0,3.0,69.0,218435.0,95432.0,72510.0,89519.0,13122.0
35378,2016/08/05, MTN Group Ltd,12982.0,-0.01770581113801453,13619.95,794.9834754706995,560.6666666666666,-0.1036049915267293,0.0014515703351807865,7.3,79115.0,12291.0,66824.0,5191.0,-5489.0,3.0,3.0,200447.0,82468.0,84000.0,79119.0,-436.0
35618,2010/02/25, Nedbank Group Ltd,12150.0,0.0752212389380531,12126.066666666668,272.62110458779034,294.73333333333335,0.09530864197530864,-0.028285041798555313,7.08,50537.0,34231.0,16306.0,21578.0,4826.0,1458.0,0.0,533261.0,37442.0,56364.0,469355.0,14915.0
35726,2010/08/03, Nedbank Group Ltd,13070.0,-0.020973782771535582,13138.183333333332,514.396091257094,359.76666666666665,0.006120887528691554,0.07614532639704648,6.42,22173.0,14091.0,8082.0,10996.0,2150.0,1808.0,476.0,550455.0,40392.0,64857.0,480418.0,7218.0
35975,2011/08/02, Nedbank Group Ltd,13899.0,-0.017391304347826087,14375.5,277.209674055249,285.53333333333336,0.003165695373767985,-0.056802897051215724,5.49,21030.0,12347.0,8683.0,13030.0,2764.0,461.0,10.0,573670.0,36205.0,66173.0,493974.0,7903.0
36122,2012/03/01, Nedbank Group Ltd,16550.0,0.16820780687513234,15257.233333333334,684.4914323086365,317.0,-0.0032024169184290407,0.034035766398588345,5.54,42880.0,24846.0,18034.0,28115.0,6879.0,418.0,0.0,584403.0,63724.0,74287.0,521155.0,16552.0
36227,2012/08/02, Nedbank Group Ltd,18329.0,0.07061915887850467,17407.8,515.3192132313421,417.98333333333335,-0.0015821921545092765,0.020434652377941225,5.05,22362.0,12720.0,9642.0,15205.0,3497.0,287.0,0.0,600266.0,69755.0,78221.0,536944.0,9121.0
36480,2013/08/07, Nedbank Group Ltd,18091.0,-0.02955691449415299,17550.4,467.2890877448382,445.81666666666666,0.19755679619700395,0.012658227848101266,5.09,22400.0,12091.0,10309.0,16519.0,3910.0,814.0,572.0,634495.0,79835.0,75706.0,578807.0,10259.0
36727,2014/08/06, Nedbank Group Ltd,23654.0,0.010854700854700855,23169.9,532.5193622641966,517.7166666666667,-0.009089371776443755,0.03536687205182026,6.01,25282.0,14019.0,11263.0,18410.0,4598.0,776.0,419.0,699086.0,84706.0,85051.0,631663.0,10245.0
36977,2015/08/05, Nedbank Group Ltd,25952.0,0.03086395233366435,24632.216666666667,876.9643537130906,599.4333333333333,-0.11186035758323054,-0.017693601644757338,6.16,28513.0,16838.0,11675.0,19818.0,5328.0,846.0,953.0,802925.0,63699.0,103555.0,690495.0,10930.0
37122,2016/03/02, Nedbank Group Ltd,18941.0,-0.04333552199606041,18314.416666666668,907.7487760361166,874.7166666666667,-0.04598490048043924,0.005486084889945139,7.04,60289.0,36404.0,23885.0,40844.0,10721.0,224.0,0.0,814117.0,111609.0,121124.0,725851.0,22455.0
37552,2010/07/01, Naspers Ltd,25000.0,-0.21630094043887146,29104.883333333335,1689.8842011442255,878.6666666666666,0.30000000000000004,-0.13097385031559963,6.48,27998.0,14438.0,13560.0,4041.0,3257.0,931.0,1041.0,44342.0,13126.0,10892.0,10942.0,5622.0
37659,2010/12/01, Naspers Ltd,36002.0,0.1762668670565557,34893.166666666664,2178.816325879874,872.45,0.09710571634909182,0.11571527523122682,5.59,15833.0,8156.0,7677.0,2344.0,3450.0,61.0,308.0,48989.0,15145.0,14493.0,12019.0,2503.0
37799,2011/06/28, Naspers Ltd,37100.0,-0.030546917870861532,38142.0,1285.394182105014,967.75,-0.03366576819407008,-0.04024661757150197,5.46,33085.0,17794.0,15291.0,4056.0,5260.0,761.0,335.0,53610.0,16245.0,14951.0,11962.0,4056.0
37909,2011/11/30, Naspers Ltd,36435.0,-0.008517470338521824,36134.45,1423.3703309934224,1145.3166666666666,0.12529161520515997,0.07762255710776225,5.49,18482.0,9623.0,8859.0,1953.0,1869.0,427.0,163.0,59842.0,18638.0,17467.0,14488.0,1912.0
38050,2012/06/27, Naspers Ltd,46080.0,0.09168443496801706,45456.96666666667,980.9229477271816,1058.6666666666667,0.09305555555555545,-0.004897192499916144,5.58,39487.0,20863.0,18624.0,3202.0,2894.0,2309.0,1603.0,62037.0,19241.0,17845.0,13857.0,5394.0
38158,2012/11/28, Naspers Ltd,53700.0,0.1122848443422606,53107.03333333333,2542.512129975493,1192.7833333333333,0.08990689013035391,0.07983656527660678,4.93,22597.0,11808.0,10789.0,2492.0,4150.0,489.0,269.0,68172.0,22546.0,23312.0,17287.0,4092.0
38299,2013/06/26, Naspers Ltd,69700.0,0.21672340054115388,65690.63333333333,6800.460724588056,1840.2333333333333,0.3344332855093257,-0.031670780969479354,5.12,50249.0,27852.0,22397.0,3815.0,6047.0,2508.0,1695.0,76109.0,27427.0,29192.0,18491.0,9845.0
38407,2013/11/27, Naspers Ltd,95300.0,0.10428736964078796,93275.45,1991.0465813184926,1787.1166666666666,0.3504721930745016,0.0364741641337386,5.07,28755.0,15856.0,12899.0,1621.0,3112.0,518.0,245.0,90304.0,30965.0,36223.0,22558.0,2598.0
38545,2014/06/24, Naspers Ltd,123200.0,0.009836065573770493,114506.08333333333,7372.97790099286,2797.9166666666665,0.014610389610389518,0.06305411895086813,5.79,62728.0,35416.0,27312.0,2018.0,5751.0,1780.0,17.0,100212.0,28390.0,36549.0,23848.0,3274.0
38655,2014/11/26, Naspers Ltd,147009.0,0.07779439581225531,132182.95,9617.20929151359,4203.7,0.16661564938201057,-0.026237613027733808,5.84,34363.0,18751.0,15612.0,2253.0,8937.0,2394.0,0.0,116650.0,36524.0,42052.0,31960.0,2490.0
38800,2015/06/30, Naspers Ltd,189500.0,0.013368983957219251,185472.08333333334,5066.807293104667,4730.933333333333,-0.09403166226912929,-0.003254941691276325,5.76,73092.0,42759.0,30333.0,1595.0,14023.0,5501.0,0.0,124276.0,32767.0,46767.0,26468.0,1671.0
39047,2016/06/24, Naspers Ltd,216500.0,0.05250364608653379,211206.76666666666,11516.44272461562,4833.9,0.09490069284064662,-0.022182050191407912,7.2,5930.0,3392.0,2538.0,-177.0,994.0,2420.0,57.0,13486.0,3237.0,4023.0,2046.0,454.0
39327,2010/03/12, Old Mutual PLC,1412.0,0.08116385911179173,1315.2,47.64373435960787,29.683333333333334,-0.11189801699716717,0.0046469139725156886,6.95,21848.0,21553.0,295.0,-118.0,-340.0,214.0,0.0,62363.0,101443.0,108960.0,44135.0,1218.0
39576,2011/03/09, Old Mutual PLC,1561.0,0.18888042650418888,1442.5666666666666,97.50330140723791,27.05,-0.07751441383728375,0.01604920814479638,5.5,21574.0,20414.0,1160.0,-24.0,-282.0,45.0,82.0,83267.0,110285.0,128842.0,53236.0,3563.0
41165,2012/05/16, Reinet,1407.0,0.027007299270072994,1391.3666666666666,21.32474226733745,18.9,0.1016346837242359,-0.01361618154908732,5.56,968.0,77.0,891.0,891.0,865.0,1.0,0.0,3840.0,167.0,473.0,76.0,-256.0
41290,2012/11/09, Reinet,1596.0,0.018506700701978303,1561.55,40.68790891902944,27.816666666666666,0.048872180451127845,0.05847152815354744,4.93,332.0,33.0,299.0,299.0,290.0,0.0,0.0,4134.0,358.0,496.0,48.0,-101.0
41411,2013/05/09, Reinet,1870.0,0.11575178997613365,1794.5833333333333,67.41731700956315,35.36666666666667,0.03155080213903738,-0.014947518821783811,5.03,470.0,86.0,384.0,384.0,375.0,0.0,5.0,4230.0,349.0,471.0,72.0,-327.0
41542,2013/11/13, Reinet,2020.0,0.056485355648535567,1941.6666666666667,38.552920558826294,29.716666666666665,-0.006435643564356441,0.04902473461276996,5.07,34.0,27.0,7.0,7.0,1.0,0.0,0.0,4281.0,249.0,453.0,39.0,-390.0
41666,2014/05/20, Reinet,2510.0,0.210221793635487,2379.4666666666667,80.74157702129705,50.85,-0.0223107569721116,0.04591228767027267,5.74,94.0,2.0,92.0,92.0,92.0,0.0,0.0,4123.0,0.0,0.0,8.0,-2.0
41790,2014/11/12, Reinet,2659.0,0.04808829325975562,2520.9666666666667,85.05271877929754,59.5,-0.0033847311019180593,-0.021171014995232728,5.84,459.0,2.0,457.0,457.0,457.0,0.0,0.0,4542.0,1.0,0.0,1.0,40.0
41924,2015/05/29, Reinet,2599.0,-0.02841121495327103,2571.2166666666667,63.25227715245148,54.5,0.05809926894959605,-0.005245241816352309,5.73,995.0,3.0,992.0,992.0,992.0,0.0,0.0,5078.0,0.0,0.0,1.0,40.0
42039,2015/11/11, Reinet,3060.0,0.061394380853277836,2942.0,137.12532928748288,78.23333333333333,0.06339869281045751,0.04622737083204863,6.33,39.0,1.0,38.0,38.0,38.0,0.0,0.0,5083.0,1.0,0.0,0.0,34.0
42160,2016/05/10, Reinet,3335.0,0.027101940252540806,3204.7,67.89880306473582,80.61666666666666,-0.09445277361319337,0.06337132684438074,7.16,177.0,2.0,175.0,175.0,175.0,0.0,0.0,5221.0,0.0,1.0,0.0,34.0
42290,2016/11/11, Reinet,2710.0,-0.12269342829394626,2943.116666666667,185.62145657557758,65.36666666666666,0.05239852398523981,-0.037209707638011416,7.48,322.0,1.0,321.0,321.0,321.0,0.0,0.0,5511.0,0.0,0.0,1.0,32.0
42539,2010/06/22, Remgro Ltd,9245.0,-0.00409350425508995,9080.966666666667,215.8049155647636,233.15,0.06673877771768533,-0.03227670145976967,6.54,11849.0,9038.0,2811.0,841.0,3060.0,3776.0,0.0,38588.0,9470.0,1517.0,2458.0,1004.0
42789,2011/06/22, Remgro Ltd,10277.0,0.03536167640539996,10459.4,166.6634892351888,228.83333333333334,0.06217767831079102,-0.04269058922088802,5.46,12222.0,9671.0,2551.0,659.0,9715.0,65.0,167.0,45135.0,11128.0,1482.0,2461.0,806.0
42853,2011/09/21, Remgro Ltd,10773.0,0.029628213705438212,10478.35,319.76388667314933,280.75,0.01754385964912286,0.007351891506067095,5.49,14955.0,11744.0,3211.0,664.0,10841.0,78.0,198.0,45123.0,10864.0,1481.0,2176.0,381.0
43105,2012/09/21, Remgro Ltd,14720.0,0.13213351792031994,14161.85,368.20751449263355,230.98333333333332,0.06453804347826098,0.10496517173935421,4.94,13532.0,10922.0,2610.0,772.0,9284.0,91.0,3897.0,44300.0,13727.0,981.0,2793.0,949.0
43228,2013/03/20, Remgro Ltd,17567.0,0.1169962484898582,16809.866666666665,502.72179409686913,314.3666666666667,0.05521716855467629,0.024462035264195697,5.05,7860.0,6423.0,1437.0,360.0,1891.0,34.0,405.0,49161.0,10955.0,1027.0,3122.0,-89.0
43353,2013/09/19, Remgro Ltd,19900.0,0.0908293592062709,18878.583333333332,386.90498512456827,395.51666666666665,-0.0454773869346734,0.15282555282555282,5.06,16446.0,10796.0,5650.0,362.0,4438.0,1221.0,405.0,60146.0,12613.0,7701.0,3993.0,1058.0
43477,2014/03/19, Remgro Ltd,19590.0,-0.022991372001396438,19349.2,949.8256896284151,430.56666666666666,0.14660541092394075,0.039126883955750244,5.73,12262.0,9718.0,2544.0,573.0,3860.0,36.0,521.0,63860.0,12793.0,7939.0,4667.0,842.0
43601,2014/09/18, Remgro Ltd,23942.0,0.04122814647299296,23717.983333333334,677.6011399063595,410.8,-0.04414835853312171,0.0011963543819198225,6.0,24621.0,19121.0,5500.0,670.0,6917.0,1221.0,405.0,67632.0,11122.0,2199.0,8489.0,1479.0
43724,2015/03/17, Remgro Ltd,26308.0,0.09406969974216085,26117.083333333332,1137.6237394670168,674.1666666666666,-0.09058081192032841,0.06491385457640375,5.8,13110.0,10690.0,2420.0,818.0,4310.0,52.0,0.0,70603.0,11666.0,2236.0,8996.0,645.0
43851,2015/09/18, Remgro Ltd,24390.0,-0.036120771419538414,24957.566666666666,665.0376150103665,682.4333333333333,-0.05014350143501434,-0.02980076660629291,6.24,25590.0,15267.0,10323.0,1562.0,8715.0,143.0,2136.0,73566.0,12592.0,5404.0,13371.0,1895.0
43974,2016/03/15, Remgro Ltd,23818.0,0.00676303998647392,23879.75,740.7339609115618,819.3166666666667,-0.019355109580989183,0.03734198456203155,7.04,14255.0,11020.0,3235.0,606.0,3342.0,71.0,0.0,6131.0,13726.0,5589.0,8877.0,136.0
44102,2016/09/21, Remgro Ltd,24148.0,0.012792014427714634,25051.966666666667,657.4590266712861,545.7666666666667,-0.06128871956269666,-0.013015327695560254,7.29,27697.0,21537.0,6160.0,-157.0,5386.0,143.0,0.0,95075.0,14057.0,20838.0,6622.0,-157.0
44320,2010/03/11, RMB Holdings Ltd,1968.0,0.07599781301257517,1883.9,46.13638587595244,49.96666666666667,-0.02083333333333337,0.011916743830266918,6.95,4525.0,2451.0,2074.0,1993.0,1690.0,365.0,480.0,22737.0,7614.0,4090.0,3359.0,1404.0
44449,2010/09/16, RMB Holdings Ltd,2205.0,0.06111645813282002,2106.1666666666665,79.27107893047538,56.56666666666667,0.027664399092970582,0.03814846312720204,6.08,9106.0,4707.0,4399.0,4245.0,3607.0,222.0,476.0,23369.0,8037.0,4184.0,3338.0,2476.0
44571,2011/03/10, RMB Holdings Ltd,2538.0,0.12850155624722098,2434.233333333333,65.89523443242017,61.766666666666666,0.024428684003152012,-0.027085742317530397,5.5,1490.0,15.0,1475.0,1428.0,3551.0,1836.0,636.0,35989.0,113.0,7035.0,1349.0,683.0
44698,2011/09/15, RMB Holdings Ltd,2686.0,0.056232795910342116,2545.866666666667,100.46796718048253,86.0,-0.004095309009679804,0.0211485870556062,5.49,4255.0,37.0,4218.0,4121.0,11468.0,1853.0,601.0,25078.0,44.0,0.0,1421.0,1458.0
44834,2012/03/30, RMB Holdings Ltd,3127.0,0.1120199146514936,3046.8166666666666,119.54241735896433,61.233333333333334,0.09689798528941473,0.02187756778964667,5.54,2136.0,16.0,2120.0,2069.0,2059.0,239.0,0.0,25443.0,33.0,0.0,1438.0,2204.0
44949,2012/09/14, RMB Holdings Ltd,3515.0,-0.03725006847439058,3636.3,100.41495263090773,77.75,0.16642958748221903,0.054120100355152974,4.94,4618.0,13.0,4605.0,4503.0,4490.0,355.0,5.0,27150.0,51.0,11.0,1368.0,3059.0
45068,2013/03/07, RMB Holdings Ltd,4099.0,0.0014659174199853407,4221.983333333334,128.71509619582915,100.41666666666667,-0.09075384240058548,0.054443601563867655,5.05,2473.0,27.0,2446.0,2390.0,2390.0,62.0,328.0,28469.0,56.0,6.0,1371.0,1005.0
45197,2013/09/12, RMB Holdings Ltd,4527.0,0.1850785340314136,4029.65,173.23304818380478,109.91666666666667,0.029379279876297737,0.09516890664729385,5.06,5111.0,41.0,5070.0,4970.0,4969.0,103.0,245.0,30555.0,64.0,13.0,1288.0,2120.0
45317,2014/03/06, RMB Holdings Ltd,4809.0,0.03197424892703862,4583.383333333333,188.48306956892284,133.13333333333333,0.09690164275317104,0.0809391643537619,5.73,3092.0,9.0,3083.0,3040.0,3039.0,0.0,581.0,31346.0,92.0,25.0,1225.0,1588.0
45445,2014/09/11, RMB Holdings Ltd,5782.0,0.09341906202723146,5555.483333333334,200.7776822348736,116.06666666666666,0.06969906606710485,-0.010371744005520097,6.0,6463.0,40.0,6423.0,6338.0,6337.0,0.0,526.0,33368.0,198.0,28.0,1318.0,3007.0
45819,2016/03/09, RMB Holdings Ltd,5700.0,0.1823273179838208,5564.0,304.9908584348242,266.35,-0.019824561403508745,0.05037013196009012,7.04,3543.0,2.0,3541.0,3498.0,3498.0,1.0,367.0,37984.0,227.0,38.0,1271.0,2179.0
46164,2010/03/04, Standard Bank Group Ltd,11194.0,0.15700258397932818,10471.416666666666,308.6581835846717,236.28333333333333,-0.03734143291048775,0.01688801442859485,6.95,62828.0,31512.0,31316.0,106286.0,8180.0,1500.0,0.0,677639.0,159576.0,121491.0,715724.0,2477.0
46273,2010/08/12, Standard Bank Group Ltd,10694.0,-0.03960484957341715,10795.15,401.7466874131749,305.65,-0.01907611744903681,-0.012068197464868586,6.42,28995.0,14543.0,14452.0,44250.0,5897.0,438.0,173.0,917657.0,397387.0,208320.0,1002718.0,9338.0
46415,2011/03/03, Standard Bank Group Ltd,9880.0,-0.02332937920126532,10460.95,300.14275840627346,176.76666666666668,0.0025303643724696734,0.03065812298651184,5.5,51634.0,31422.0,20212.0,38699.0,7938.0,1000.0,0.0,697262.0,143161.0,67988.0,723518.0,12846.0
46522,2011/08/11, Standard Bank Group Ltd,9450.0,-0.05829596412556054,9849.566666666668,264.6825003446349,200.13333333333333,0.017566137566137563,-0.08680167597765363,5.49,29650.0,15327.0,14323.0,49573.0,6580.0,405.0,0.0,947925.0,426545.0,223217.0,1044120.0,10905.0
46668,2012/03/08, Standard Bank Group Ltd,10890.0,0.0891089108910891,10496.05,480.26057281085554,173.28333333333333,0.07851239669421495,0.03825779870512066,5.54,49607.0,28366.0,21241.0,39847.0,9510.0,2000.0,0.0,782776.0,138913.0,66469.0,800373.0,10377.0
46778,2012/08/17, Standard Bank Group Ltd,11250.0,-0.005305039787798408,11422.133333333333,227.0990575077995,232.26666666666668,-0.0444444444444444,0.07016283524904214,5.05,32191.0,16503.0,15688.0,63452.0,7166.0,201.0,239.0,1085781.0,456579.0,274119.0,1148325.0,4268.0
46917,2013/03/07, Standard Bank Group Ltd,11551.0,0.06904211013419713,11743.383333333333,260.2700091897791,250.71666666666667,-0.04493117479006148,0.054443601563867655,5.05,55677.0,30428.0,25249.0,47281.0,11924.0,7966.0,0.0,838558.0,140455.0,93567.0,815641.0,1561.0
47026,2013/08/15, Standard Bank Group Ltd,11395.0,0.015144766146993319,10981.15,265.4029763030252,264.8333333333333,0.09267222465993852,0.040712188966009165,5.09,36541.0,17732.0,18809.0,67376.0,8066.0,521.0,0.0,1163068.0,535650.0,272370.0,1282225.0,-6455.0
47166,2014/03/06, Standard Bank Group Ltd,12687.0,0.032470703125,12302.433333333332,465.7122981335397,296.8333333333333,0.15078426736029016,0.0809391643537619,5.73,58069.0,29181.0,28888.0,51736.0,10537.0,1100.0,0.0,890395.0,125482.0,129086.0,807587.0,-12573.0
47274,2014/08/14, Standard Bank Group Ltd,14085.0,-0.008098591549295774,14523.5,187.88190484892849,263.0833333333333,-0.055733049343272945,0.02366177061475959,6.01,39838.0,18223.0,21615.0,81857.0,8239.0,1077.0,382.0,1223042.0,545235.0,437690.0,1173477.0,-863.0
47414,2015/03/05, Standard Bank Group Ltd,15696.0,0.11635846372688478,14726.8,672.8629396789532,402.26666666666665,-0.001656472986748203,0.06813221787760299,5.8,66749.0,34257.0,32492.0,57217.0,11674.0,1267.0,0.0,993434.0,137716.0,159789.0,888943.0,-13213.0
47524,2015/08/14, Standard Bank Group Ltd,15395.0,-0.09441176470588235,15766.1,398.51098702528986,378.71666666666664,-0.08580708022085093,-0.06037649695938233,6.16,43245.0,19796.0,23449.0,78795.0,13229.0,1307.0,200.0,1651173.0,205647.0,428540.0,1261551.0,15841.0
47664,2016/03/03, Standard Bank Group Ltd,12224.0,0.01781848459616986,10966.266666666666,650.40404304474,515.9,0.04057591623036649,0.038987456209741214,7.04,74035.0,39077.0,34958.0,61305.0,12478.0,3842.0,0.0,1083063.0,193890.0,1040757.0,145482.0,7458.0
47775,2016/08/17, Standard Bank Group Ltd,14262.0,0.20415400202634246,13112.716666666667,928.3838534671635,386.78333333333336,0.04122843920908714,-0.03933712401445814,7.3,49863.0,22088.0,27775.0,61558.0,10812.0,1048.0,123.0,1671549.0,276223.0,1633716.0,137799.0,10839.0
48006,2010/02/23, Shoprite Holdings Ltd,7647.0,0.22942122186495176,6750.516666666666,410.418863827323,161.78333333333333,-0.009676997515365549,-0.022060311677798018,7.08,33139.0,26758.0,6381.0,1620.0,1060.0,147.0,244.0,6890.0,12607.0,926.0,13417.0,3348.0
48257,2011/02/22, Shoprite Holdings Ltd,9675.0,-0.0325,9616.466666666667,375.7121809814846,231.03333333333333,0.016330749354005247,0.06897687353629976,5.53,36259.0,29076.0,7183.0,1828.0,993.0,0.0,0.0,8596.0,12299.0,951.0,13818.0,-508.0
48505,2012/02/21, Shoprite Holdings Ltd,13450.0,0.12740989103101424,13352.433333333332,310.4949775332952,324.68333333333334,-0.0037174721189591198,0.09280235142304108,5.5,41054.0,32857.0,8196.0,2189.0,1721.0,0.0,0.0,10676.0,14033.0,1041.0,15702.0,1442.0
48629,2012/08/21, Shoprite Holdings Ltd,15975.0,0.17592933382407067,15464.166666666666,827.4817252662604,320.3333333333333,0.12676056338028174,0.0759290828503239,5.05,72298.0,57624.0,14673.0,4563.0,3264.0,3410.0,0.0,11095.0,19419.0,5040.0,13058.0,3335.0
48754,2013/02/19, Shoprite Holdings Ltd,17250.0,-0.04979618816789688,18830.05,1176.1824259664743,458.96666666666664,-0.00939130434782609,0.07438457208875196,5.04,46723.0,37129.0,9595.0,2478.0,1697.0,0.0,0.0,12365.0,21852.0,4842.0,16229.0,1206.0
48878,2013/08/20, Shoprite Holdings Ltd,16350.0,-0.055186362323028024,17333.9,893.8284767015309,554.4333333333333,0.06672782874617744,0.01848103962505326,5.09,92747.0,73316.0,19431.0,5359.0,4135.0,0.0,0.0,13331.0,20101.0,4852.0,13385.0,1148.0
49008,2014/02/25, Shoprite Holdings Ltd,14053.0,-0.20823708377936787,15512.05,1078.4328621363068,412.18333333333334,0.17405536184444603,0.05062757354765094,5.56,51090.0,40675.0,10415.0,2692.0,1927.0,0.0,21.0,14507.0,25403.0,5022.0,18923.0,4686.0
49126,2014/08/19, Shoprite Holdings Ltd,14550.0,-0.12874251497005987,15924.35,443.38600182015244,297.15,0.1642611683848798,0.02226258777662096,6.01,102204.0,80936.0,21268.0,5708.0,3859.0,31.0,0.0,15730.0,24643.0,5531.0,17719.0,5720.0
49256,2015/02/24, Shoprite Holdings Ltd,16900.0,0.0016001896521069163,17101.116666666665,949.8210374102763,490.43333333333334,-0.03727810650887575,0.04863384327610395,5.88,57469.0,45736.0,11733.0,2933.0,1989.0,62.0,78.0,14679.0,29007.0,5455.0,22447.0,2992.0
49375,2015/08/18, Shoprite Holdings Ltd,16025.0,-0.019877675840978593,16627.783333333333,549.3566064709445,417.25,-0.1295475819032761,-0.055497774264675295,6.16,113694.0,90180.0,23514.0,6183.0,3737.0,157.0,79.0,18035.0,25872.0,5660.0,19100.0,3756.0
49506,2016/02/23, Shoprite Holdings Ltd,15103.0,0.03807821843425665,13980.116666666667,632.9332867532027,535.25,0.07515063232470376,-0.07615290611667345,6.93,62519.0,49565.0,12954.0,3381.0,2926.0,81.0,28.0,19924.0,31629.0,5756.0,24987.0,3336.0
49628,2016/08/23, Shoprite Holdings Ltd,19853.0,0.19805684629774908,18088.116666666665,1786.8867262920103,521.5666666666667,-0.07721754898504007,-0.05008948223726164,7.3,130028.0,102792.0,27236.0,7221.0,4262.0,156.0,28.0,20086.0,28164.0,1494.0,25370.0,1443.0
49867,2010/03/11, Sanlam Ltd,2505.0,0.11086474501108648,2331.0833333333335,88.85491729602458,46.93333333333333,-0.09381237524950103,0.011916743830266918,6.95,60671.0,52639.0,8032.0,7869.0,4397.0,942.0,0.0,137887.0,196942.0,216889.0,29108.0,3993.0
49991,2010/09/09, Sanlam Ltd,2400.0,0.009676062263357174,2402.2833333333333,64.80115390964998,57.13333333333333,0.11874999999999991,0.006150608991219196,6.08,20709.0,17228.0,3481.0,3488.0,1986.0,79.0,1054.0,139038.0,193665.0,215717.0,29976.0,1386.0
50118,2011/03/10, Sanlam Ltd,2663.0,-0.018429782528566162,2753.266666666667,42.25783115333702,63.13333333333333,0.01764926774314679,-0.027085742317530397,5.5,67285.0,57930.0,9355.0,9252.0,5523.0,191.0,1076.0,148833.0,212358.0,232706.0,32989.0,904.0
50240,2011/09/08, Sanlam Ltd,2782.0,0.036126629422718805,2682.8333333333335,86.41272008268814,66.66666666666667,0.061826024442846794,-0.0083008517395698,5.49,24862.0,20751.0,4111.0,4011.0,2274.0,87.0,1184.0,148047.0,219032.0,237346.0,33693.0,5532.0
50366,2012/03/08, Sanlam Ltd,3129.0,0.06718963165075034,3015.85,79.42629564997455,60.266666666666666,0.09427932246724202,0.03825779870512066,5.54,54278.0,45624.0,8654.0,8490.0,5166.0,89.0,956.0,176483.0,205720.0,247793.0,34628.0,18929.0
50490,2012/09/06, Sanlam Ltd,3766.0,0.09127789046653144,3633.4333333333334,80.63505707431993,61.25,0.08603292618162506,0.04655809771205915,4.94,36638.0,32131.0,4507.0,4431.0,2402.0,161.0,441.0,126986.0,278622.0,259363.0,39247.0,6523.0
50615,2013/03/07, Sanlam Ltd,4790.0,0.13695703774032755,4522.833333333333,156.88980983284054,94.31666666666666,0.006680584551148172,0.054443601563867655,5.05,88580.0,78375.0,10205.0,9815.0,5655.0,148.0,277.0,194419.0,249145.0,291060.0,37524.0,11002.0
50739,2013/09/05, Sanlam Ltd,4695.0,0.05057059744909376,4617.533333333334,152.60344828799236,139.21666666666667,0.09840255591054303,0.08012965050732808,5.06,40431.0,35158.0,5273.0,5147.0,3508.0,143.0,182.0,164523.0,340248.0,296482.0,52023.0,7228.0
50864,2014/03/06, Sanlam Ltd,5227.0,0.024901960784313726,5097.4,186.32886909343486,151.2,0.18232255595944147,0.0809391643537619,5.73,102000.0,89794.0,12206.0,11909.0,8131.0,148.0,308.0,325443.0,235861.0,325144.0,57165.0,10372.0
50987,2014/09/04, Sanlam Ltd,6879.0,0.1214541897619824,6260.633333333333,195.12168881583273,123.25,0.06410815525512437,0.020411731281961623,6.0,50160.0,43099.0,7061.0,6905.0,4539.0,176.0,494.0,320443.0,256614.0,376737.0,43503.0,4539.0
51112,2015/03/05, Sanlam Ltd,7280.0,0.058755090168702735,7063.216666666666,462.70915899647474,192.5,-0.07129120879120876,0.06813221787760299,5.8,92060.0,79437.0,12623.0,12243.0,8729.0,0.0,535.0,348771.0,262482.0,400973.0,42699.0,35944.0
51236,2015/09/03, Sanlam Ltd,6141.0,-0.08397971360381862,6691.016666666666,313.1056837699644,202.41666666666666,0.02426314932421425,-0.015725833094729424,6.24,46424.0,39108.0,7316.0,7114.0,5096.0,205.0,447.0,360328.0,275943.0,407187.0,52988.0,5628.0
51367,2016/03/10, Sanlam Ltd,5932.0,0.19044752157334938,5587.5,273.7235088954825,262.6166666666667,0.0620364126770061,0.044512013900002284,7.04,85293.0,70699.0,14594.0,14039.0,9391.0,409.0,1146.0,427806.0,246702.0,425839.0,55071.0,32593.0
51489,2016/09/08, Sanlam Ltd,6515.0,0.05233403327410758,6378.483333333334,328.2911322502313,194.13333333333333,-0.050959324635456604,0.020089725352883246,7.29,49796.0,43325.0,6471.0,6171.0,2372.0,168.0,566.0,400513.0,289310.0,431275.0,59542.0,-3231.0
51710,2010/03/03, Steinhoff International Holdings Ltd,1966.0,0.05415549597855228,1985.3,66.72490958646591,54.483333333333334,-0.04018311291963372,0.02827466820542412,6.95,2270.554799,2041.086752,229.4680472,181.1253164,144.2971113,86.63309786,0.548310746,3597.101264,1769.764318,1532.25438,1313.1128509999999,269.86027210000003
51839,2010/09/08, Steinhoff International Holdings Ltd,1872.0,-0.023983315954118872,1843.9,46.4300822998702,43.38333333333333,0.1479700854700854,0.008903886810863555,6.08,4390.1413729999995,2864.832263,1525.30911,470.08507960000003,323.5947253,212.65318430000002,0.8224661190000001,3453.6266189999997,1769.947088,1654.344906,1098.175039,520.7124384
51961,2011/03/02, Steinhoff International Holdings Ltd,2402.0,0.10742277547256801,2416.366666666667,75.78671380064503,68.53333333333333,-0.013738551207327254,0.013781892713265955,5.5,2192.694673,1965.237099,227.45757450000002,188.07058590000003,152.4303874,150.0543741,3.5640198489999997,3429.866486,1867.820556,1747.283577,1017.481974,270.9568936
52088,2011/09/07, Steinhoff International Holdings Ltd,2200.0,-0.06303236797274275,2239.5333333333333,71.10828855038345,68.51666666666667,0.07363636363636372,-0.025268048606147248,5.49,3933.2157509999997,2404.708162,1528.50759,489.8242664,469.35399860000007,793.1314941,34.08665137,6830.946659,2388.167454,3239.419887,2213.987407,658.1556654
52214,2012/03/07, Steinhoff International Holdings Ltd,2653.0,0.07408906882591093,2485.7833333333333,126.30969361282499,56.96666666666667,-0.02940067847719563,0.03268425967557846,5.54,3440.1930049999996,3031.244574,408.9484314,305.95739629999997,265.6565564,180.0286949,0.63969587,7497.326985,2720.6265359999998,3584.855657,2599.724017,415.98508589999994
52338,2012/09/05, Steinhoff International Holdings Ltd,2602.0,0.01442495126705653,2496.733333333333,63.955722678098475,54.05,0.046887009992313544,0.02905577103116223,4.94,7350.471090000001,4733.74944,2616.72165,723.3132591,516.7828781000001,249.938315,0.0,8272.272839,3878.658832,4079.340565,3139.079021,947.480969
52463,2013/03/06, Steinhoff International Holdings Ltd,2567.0,-0.07160940325497288,2726.233333333333,72.61049246370006,58.516666666666666,-0.026100506427736647,0.0511258821117976,5.05,5235.636543,4660.9154960000005,574.7210468999999,389.84894039999995,296.179188,175.8249792,39.56975883,9000.886436,4493.315178,4551.161962,3561.917991,584.1337147
52592,2013/09/11, Steinhoff International Holdings Ltd,3213.0,0.34266610948600085,2650.516666666667,189.46029427652002,83.93333333333334,0.23311546840958597,0.06912480409139651,5.06,10553.70247,9519.679787000001,1034.022682,841.4742248,667.1114076,171.6212635,41.39746132,10528.11463,4517.440850999999,5323.549033,3634.020854,1324.718762
52712,2014/03/05, Steinhoff International Holdings Ltd,5175.0,0.3061585058051489,4602.7,263.47876767768724,124.78333333333333,0.0641545893719806,0.06912706521468265,5.73,6161.459238,5579.518765999999,581.9404717,485.2550102,421.37680830000005,680.9105614,50.07904813,12290.38537,5408.171658,5783.124823,4408.327013,726.6031235
52840,2014/09/10, Steinhoff International Holdings Ltd,5262.0,-0.03200883002207505,5368.316666666667,219.26475689408687,122.46666666666667,0.12124667426833913,0.004265278446126252,6.0,10725.32373,9571.860693,1153.463039,1134.7290890000002,922.0759045,1105.760004,474.0146399,12485.03569,6004.094054,6334.542663,4133.166403,1739.881382
52960,2015/03/04, Steinhoff International Holdings Ltd,6620.0,0.12203389830508475,6167.733333333334,373.06194635638593,123.2,0.12658610271903314,0.0633263426643567,5.8,5904.849809,5180.805468,724.0443401,642.3460388999999,451.9908249,1869.282718,50.35320351,12497.09852,6471.62035,5393.458653,3877.56221,829.0458478999999
53089,2015/09/09, Steinhoff International Holdings Ltd,8158.0,0.13242642976124375,7713.3,198.50545823519352,183.6,0.01740622701642569,-0.030486202365308804,6.24,12324.92895,10925.36577,1399.563179,1520.465699,1223.0071189999999,8690.999479,473.374944,19991.77534,8661.116543,6838.348854000001,5166.91493,1726.2649989999998
53209,2016/03/01, Steinhoff International Holdings Ltd,8482.0,0.021927710843373496,7688.916666666667,309.81805987707116,238.95,0.0873614713510964,0.007212080234392608,7.04,6700.0,4250.0,2450.0,802.0,635.0,7062.0,512.0,15796.0,7105.0,5884.0,4831.0,802.0
53338,2016/09/08, Steinhoff International Holdings Ltd,8516.0,-0.0370872908186341,8714.966666666667,343.51463426587316,220.23333333333332,-0.23085955847815876,0.020089725352883246,7.29,13059.0,8289.0,4770.0,1461.0,1168.0,7062.0,512.0,16632.0,8109.0,7050.0,4613.0,1461.0
53690,2010/09/10, Sasol Ltd,28940.0,-0.0020689655172413794,28566.933333333334,596.166137311455,681.65,0.14968901174844507,-0.0050323508267433505,6.08,16108.0,10433.0,5675.0,3154.0,2100.0,1084.0,0.0,13398.0,7004.0,4742.0,2982.0,27338.0
55459,2010/05/19, Tiger Brands Ltd,17700.0,0.014326647564469915,18325.716666666667,495.8307561059645,480.01666666666665,-0.02259887005649719,0.002400662251655629,6.58,10313.3,8718.9,1594.4,1463.7,1046.3,229.7,742.4,6253.0,6168.2,954.9,3608.0,1825.2
55591,2010/11/24, Tiger Brands Ltd,18600.0,0.029045643153526972,18463.9,213.07233593097766,354.46666666666664,-0.028279569892473155,0.15554169265959658,5.65,19554.7,16539.6,3015.1,3015.6,2192.3,157.2,1164.3,6288.6,6695.3,878.0,3504.5,3492.6
55841,2011/11/23, Tiger Brands Ltd,22255.0,0.08991625446887702,21734.5,1126.5331774965416,598.4333333333333,0.11435632442147825,0.009075667006852311,5.49,20479.0,17234.0,3245.0,3592.0,2584.0,773.0,372.0,9503.0,6693.0,1214.0,4736.0,3777.0
55961,2012/05/22, Tiger Brands Ltd,26572.0,0.07145161290322581,27085.316666666666,965.2369778699039,620.6166666666667,0.04245069998494655,-0.026699904877488766,5.56,11591.0,9883.6,1707.4,1805.1,1208.3,37.1,0.0,9856.6,7569.5,1094.6,5747.8,1276.1
56104,2012/12/11, Tiger Brands Ltd,31757.0,0.22142307692307692,28088.166666666668,1275.2170591800582,663.6,-0.0010391409767924742,0.06682852429420737,4.99,22770.9,19296.6,3474.3,3776.5,2769.3,59.3,90.1,3359.2,7783.5,935.8,5222.1,4224.5
56218,2013/05/30, Tiger Brands Ltd,29200.0,-0.05489383738995339,29431.583333333332,1141.157905734604,799.8,0.03767123287671237,0.0639628675742224,5.03,13984.0,12303.0,1681.0,1745.0,1311.0,597.0,0.0,13908.0,10005.0,2511.0,8479.0,2165.0
56339,2013/11/20, Tiger Brands Ltd,30350.0,0.01675041876046901,29596.583333333332,634.1282362881403,605.7333333333333,-0.15196046128500829,0.05235289537207673,5.07,27003.5,23931.1,3072.4,3223.3,2569.2,596.9,0.0,14474.8,9464.0,2284.1,8330.3,4311.3
56459,2014/05/21, Tiger Brands Ltd,29921.0,0.162522340508198,27068.033333333333,1175.0425735771298,782.9166666666666,0.02429731626616749,0.05392179927539641,5.74,14926.9,13212.6,1714.3,939.4,631.9,41.8,362.6,13852.4,10070.7,2048.6,8745.8,2149.8
56587,2014/11/19, Tiger Brands Ltd,37630.0,0.20070197830248884,32479.9,1995.5648425143802,788.2833333333333,-0.07653467977677386,-0.0378825404346047,5.84,30072.0,26516.0,3556.0,2696.2,2020.2,85.2,362.6,14123.7,10728.3,1532.9,9371.9,4541.2
56709,2015/05/20, Tiger Brands Ltd,29510.0,-0.1446376811594203,32122.05,1997.3409647985375,873.2333333333333,-0.027075567604201933,0.03071986308696117,5.73,15907.6,14275.3,1632.3,1639.1,1339.4,194.9,0.0,13874.2,11053.6,1313.3,9469.2,2158.8
56838,2015/11/20, Tiger Brands Ltd,35700.0,0.1939799331103679,31534.9,1564.7066514481287,997.9666666666667,-0.1322128851540616,0.08444424013974441,6.33,31557.6,27903.9,3653.7,2150.2,1727.1,254.2,71.0,13237.0,11617.3,2059.2,9017.5,4415.9
56962,2016/05/24, Tiger Brands Ltd,33704.0,0.15464200068516615,32904.083333333336,1598.326564409962,1089.9166666666667,0.15713268454782825,0.09788586943909401,7.16,15893.5,13884.3,2009.2,2259.4,1703.3,626.7,0.0,13160.6,11416.2,2033.0,7392.7,2344.3
57091,2016/11/24, Tiger Brands Ltd,39751.0,0.04188399339501481,38251.95,1050.2088964929715,931.95,0.04261528011873916,-0.04367502490147677,7.48,31697.5,27543.4,4154.1,4514.7,3305.6,671.1,0.0,13429.8,11099.1,1988.8,6506.2,4836.8
57305,2010/05/14, Vodacom Group Ltd,5550.0,0.025878003696857672,5515.416666666667,90.54136458307293,133.91666666666666,0.1351351351351351,-0.008264462809917356,6.58,58535.0,26774.0,31761.0,11238.0,4196.0,129.0,422.0,29131.0,12560.0,11590.0,15465.0,19711.0
59097,2010/02/18, Woolworths Holdings Ltd,1876.0,0.12944009632751355,1699.1166666666666,90.59260486649656,38.43333333333333,0.16737739872068236,0.003472505923686576,7.08,11696.0,7705.5,3844.3,1000.9,661.0,17.9,220.7,3532.2,5301.2,1339.9,4325.1,654.5
59226,2010/08/26, Woolworths Holdings Ltd,2258.0,0.03577981651376147,2350.7,72.09887279026233,62.05,0.16784765279007963,-0.027535341118623234,6.42,23663.0,15656.0,7737.0,1654.0,1264.0,47.0,410.0,3633.0,5377.0,1362.0,4195.0,1394.0
59348,2011/02/17, Woolworths Holdings Ltd,2429.0,-0.0440771349862259,2445.8333333333335,131.88852080792824,57.53333333333333,0.13462330177027582,0.06273168976066222,5.53,12797.0,8327.0,4360.0,1102.0,765.0,28.0,21.0,3679.0,5073.0,1300.0,3726.0,800.0
59475,2011/08/25, Woolworths Holdings Ltd,3260.0,0.15112994350282485,2937.883333333333,131.75401986813105,69.6,0.23067484662576687,-0.10564781773263794,5.49,25841.0,16683.0,8899.0,2122.0,1632.0,33.0,339.0,4155.0,4950.0,1460.0,3512.0,1471.0
59596,2012/02/16, Woolworths Holdings Ltd,4170.0,0.05569620253164557,4058.7,144.0919315776014,83.46666666666667,0.17505995203836933,0.07658268503318821,5.5,14214.0,9090.0,5047.0,1408.0,1014.0,0.0,614.0,4333.0,4885.0,919.0,4296.0,795.0
59725,2012/08/23, Woolworths Holdings Ltd,5667.0,0.18259599332220366,5225.166666666667,236.4191313107439,122.1,0.20875242632786306,0.08020747458092882,5.05,28813.0,18419.0,10185.0,2687.0,1996.0,0.0,655.0,5011.0,5034.0,1177.0,4296.0,1590.0
59845,2013/02/14, Woolworths Holdings Ltd,6227.0,-0.09094890510948905,6785.666666666667,380.03579968148875,179.41666666666666,0.2270756383491248,0.09064652967899155,5.04,16771.0,10319.0,6364.0,1698.0,1229.0,233.0,198.0,6564.0,4808.0,1845.0,4708.0,722.0
59979,2013/08/29, Woolworths Holdings Ltd,6189.0,-0.10343328987396784,6159.116666666667,221.17874447074487,217.76666666666668,0.14606560025852322,0.05684445063361649,5.09,35399.0,21674.0,13553.0,3469.0,2554.0,0.0,192.0,6778.0,5347.0,1908.0,4376.0,1542.0
60094,2014/02/13, Woolworths Holdings Ltd,5615.0,-0.18975468975468976,6701.316666666667,493.62332072984856,190.31666666666666,0.2988423864648264,0.02902452881456414,5.56,19454.0,11828.0,7554.0,2086.0,1456.0,246.0,5.0,6968.0,6007.0,1869.0,4811.0,880.0
60227,2014/08/28, Woolworths Holdings Ltd,7528.0,0.07727532913566114,7554.45,228.18060234852055,158.1,0.07505313496280563,0.01633051543189332,6.01,39944.0,24209.0,15498.0,3943.0,2769.0,246.0,60.0,8192.0,14077.0,1918.0,13399.0,2004.0
60341,2015/02/11, Woolworths Holdings Ltd,8237.0,0.012289541600098316,7951.9,372.82002292195193,231.36666666666667,0.12893043583829056,0.012971828189459286,5.88,28460.0,16243.0,11481.0,3014.0,1670.0,9984.0,270.0,16957.0,2533.0,1815.0,4489.0,1428.0
60476,2015/08/27, Woolworths Holdings Ltd,9739.0,0.061471389645776565,9741.15,318.3656795765082,263.45,0.05072389362357521,-0.0635989927469169,6.16,58069.0,33356.0,23150.0,5587.0,3307.0,10124.0,308.0,17616.0,2499.0,1815.0,4489.0,3113.0
60591,2016/02/10, Woolworths Holdings Ltd,9329.0,-0.04757529351710056,9606.65,495.71013348597467,329.28333333333336,-0.029370779290384785,-0.07181405749424842,6.93,32939.0,18821.0,13190.0,3832.0,2420.0,2545.0,25.0,38356.0,11723.0,18738.0,12293.0,2095.0
60723,2016/08/24, Woolworths Holdings Ltd,8550.0,-0.028409090909090908,8534.0,432.54548110035034,248.6,-0.1919298245614035,-0.026200058084055927,7.3,66978.0,38618.0,26386.0,6969.0,4358.0,2849.0,34.0,37001.0,10340.0,18559.0,10978.0,3670.0
